trip_id,start_time,end_time,headway_secs
20N-GLOBAUX-10-S_1_3,05:30:00,06:10:00,480
20N-GLOBAUX-10-S_1_3,06:10:00,06:16:30,390
20N-GLOBAUX-10-S_1_3,06:16:30,06:51:30,300
20N-GLOBAUX-10-S_1_3,06:51:30,07:15:30,240
20N-GLOBAUX-10-S_1_3,07:15:30,07:27:00,230
20N-GLOBAUX-10-S_1_3,07:27:00,07:41:20,215
20N-GLOBAUX-10-S_1_3,07:41:20,07:44:50,210
20N-GLOBAUX-10-S_1_3,07:44:50,08:30:20,195
20N-GLOBAUX-10-S_1_3,08:30:20,08:37:20,210
20N-GLOBAUX-10-S_1_3,08:37:20,08:40:55,215
20N-GLOBAUX-10-S_1_3,08:40:55,08:44:35,220
20N-GLOBAUX-10-S_1_3,08:44:35,08:53:55,280
20N-GLOBAUX-10-S_1_3,08:53:55,09:12:55,285
20N-GLOBAUX-10-S_1_3,09:12:55,15:32:55,300
20N-GLOBAUX-10-S_1_3,15:32:55,15:37:25,270
20N-GLOBAUX-10-S_1_3,15:37:25,15:57:25,240
20N-GLOBAUX-10-S_1_3,15:57:25,16:01:20,235
20N-GLOBAUX-10-S_1_3,16:01:20,16:51:10,230
20N-GLOBAUX-10-S_1_3,16:51:10,18:03:10,240
20N-GLOBAUX-10-S_1_3,18:03:10,18:07:20,250
20N-GLOBAUX-10-S_1_3,18:07:20,18:34:20,270
20N-GLOBAUX-10-S_1_3,18:34:20,19:02:50,285
20N-GLOBAUX-10-S_1_3,19:02:50,22:42:50,300
20N-GLOBAUX-10-S_1_3,22:42:50,22:49:00,370
20N-GLOBAUX-10-S_1_3,22:49:00,22:56:00,420
20N-GLOBAUX-10-S_1_3,22:56:00,23:10:30,435
20N-GLOBAUX-10-S_1_3,23:10:30,23:18:00,450
20N-GLOBAUX-10-S_1_3,23:18:00,24:38:00,480
20N-GLOBAUX-10-S_1_2,05:30:00,06:02:00,480
20N-GLOBAUX-10-S_1_2,06:02:00,06:09:00,420
20N-GLOBAUX-10-S_1_2,06:09:00,06:15:00,360
20N-GLOBAUX-10-S_1_2,06:15:00,06:40:00,300
20N-GLOBAUX-10-S_1_2,06:40:00,06:44:30,270
20N-GLOBAUX-10-S_1_2,06:44:30,06:57:00,250
20N-GLOBAUX-10-S_1_2,06:57:00,07:08:30,230
20N-GLOBAUX-10-S_1_2,07:08:30,07:30:30,220
20N-GLOBAUX-10-S_1_2,07:30:30,07:48:25,215
20N-GLOBAUX-10-S_1_2,07:48:25,08:30:25,210
20N-GLOBAUX-10-S_1_2,08:30:25,08:39:55,285
20N-GLOBAUX-10-S_1_2,08:39:55,08:44:50,295
20N-GLOBAUX-10-S_1_2,08:44:50,15:24:50,300
20N-GLOBAUX-10-S_1_2,15:24:50,15:29:20,270
20N-GLOBAUX-10-S_1_2,15:29:20,15:41:20,240
20N-GLOBAUX-10-S_1_2,15:41:20,16:04:20,230
20N-GLOBAUX-10-S_1_2,16:04:20,16:11:30,215
20N-GLOBAUX-10-S_1_2,16:11:30,16:28:35,205
20N-GLOBAUX-10-S_1_2,16:28:35,16:31:55,200
20N-GLOBAUX-10-S_1_2,16:31:55,17:06:45,190
20N-GLOBAUX-10-S_1_2,17:06:45,17:10:00,195
20N-GLOBAUX-10-S_1_2,17:10:00,17:13:30,210
20N-GLOBAUX-10-S_1_2,17:13:30,17:25:00,230
20N-GLOBAUX-10-S_1_2,17:25:00,17:53:00,240
20N-GLOBAUX-10-S_1_2,17:53:00,18:20:00,270
20N-GLOBAUX-10-S_1_2,18:20:00,22:30:00,300
20N-GLOBAUX-10-S_1_2,22:30:00,22:35:30,330
20N-GLOBAUX-10-S_1_2,22:35:30,23:23:00,475
20N-GLOBAUX-10-S_1_2,23:23:00,24:35:00,480
20N-GLOBAUX-10-S_2_1,05:29:55,05:49:25,390
20N-GLOBAUX-10-S_2_1,05:49:25,06:20:40,375
20N-GLOBAUX-10-S_2_1,06:20:40,06:30:30,295
20N-GLOBAUX-10-S_2_1,06:30:30,06:40:20,285
20N-GLOBAUX-10-S_2_1,06:40:20,06:44:35,255
20N-GLOBAUX-10-S_2_1,06:44:35,07:12:35,240
20N-GLOBAUX-10-S_2_1,07:12:35,07:23:35,220
20N-GLOBAUX-10-S_2_1,07:23:35,07:34:05,210
20N-GLOBAUX-10-S_2_1,07:34:05,07:40:35,195
20N-GLOBAUX-10-S_2_1,07:40:35,08:18:30,175
20N-GLOBAUX-10-S_2_1,08:18:30,08:30:50,185
20N-GLOBAUX-10-S_2_1,08:30:50,08:42:05,225
20N-GLOBAUX-10-S_2_1,08:42:05,09:14:05,240
20N-GLOBAUX-10-S_2_1,09:14:05,09:24:05,300
20N-GLOBAUX-10-S_2_1,09:24:05,09:29:25,320
20N-GLOBAUX-10-S_2_1,09:29:25,13:59:10,360
20N-GLOBAUX-10-S_2_1,13:59:10,14:13:55,295
20N-GLOBAUX-10-S_2_1,14:13:55,14:37:40,285
20N-GLOBAUX-10-S_2_1,14:37:40,14:46:40,270
20N-GLOBAUX-10-S_2_1,14:46:40,14:50:50,250
20N-GLOBAUX-10-S_2_1,14:50:50,15:05:30,220
20N-GLOBAUX-10-S_2_1,15:05:30,15:26:40,210
20N-GLOBAUX-10-S_2_1,15:26:40,15:52:40,195
20N-GLOBAUX-10-S_2_1,15:52:40,15:55:50,190
20N-GLOBAUX-10-S_2_1,15:55:50,16:13:50,180
20N-GLOBAUX-10-S_2_1,16:13:50,16:44:35,205
20N-GLOBAUX-10-S_2_1,16:44:35,17:03:20,225
20N-GLOBAUX-10-S_2_1,17:03:20,17:24:35,255
20N-GLOBAUX-10-S_2_1,17:24:35,17:29:05,270
20N-GLOBAUX-10-S_2_1,17:29:05,18:24:05,300
20N-GLOBAUX-10-S_2_1,18:24:05,18:35:00,330
20N-GLOBAUX-10-S_2_1,18:35:00,22:34:45,300
20N-GLOBAUX-10-S_2_1,22:34:45,22:55:00,405
20N-GLOBAUX-10-S_2_1,22:55:00,24:30:20,440
20N-GLOBAUX-10-S_2_1,24:30:20,24:38:50,510
20N-GLOBAUX-10-S_2_0,05:30:00,05:36:50,410
20N-GLOBAUX-10-S_2_0,05:36:50,06:35:20,390
20N-GLOBAUX-10-S_2_0,06:35:20,06:41:20,360
20N-GLOBAUX-10-S_2_0,06:41:20,07:03:20,330
20N-GLOBAUX-10-S_2_0,07:03:20,07:26:40,280
20N-GLOBAUX-10-S_2_0,07:26:40,07:30:55,255
20N-GLOBAUX-10-S_2_0,07:30:55,07:58:55,240
20N-GLOBAUX-10-S_2_0,07:58:55,08:09:55,220
20N-GLOBAUX-10-S_2_0,08:09:55,08:20:25,210
20N-GLOBAUX-10-S_2_0,08:20:25,08:26:55,195
20N-GLOBAUX-10-S_2_0,08:26:55,09:04:50,175
20N-GLOBAUX-10-S_2_0,09:04:50,09:17:10,185
20N-GLOBAUX-10-S_2_0,09:17:10,09:53:10,240
20N-GLOBAUX-10-S_2_0,09:53:10,09:58:40,330
20N-GLOBAUX-10-S_2_0,09:58:40,10:28:40,360
20N-GLOBAUX-10-S_2_0,10:28:40,10:39:00,310
20N-GLOBAUX-10-S_2_0,10:39:00,14:33:00,360
20N-GLOBAUX-10-S_2_0,14:33:00,14:38:35,335
20N-GLOBAUX-10-S_2_0,14:38:35,15:32:35,270
20N-GLOBAUX-10-S_2_0,15:32:35,15:40:35,240
20N-GLOBAUX-10-S_2_0,15:40:35,15:58:55,220
20N-GLOBAUX-10-S_2_0,15:58:55,16:09:25,210
20N-GLOBAUX-10-S_2_0,16:09:25,16:38:40,195
20N-GLOBAUX-10-S_2_0,16:38:40,16:41:50,190
20N-GLOBAUX-10-S_2_0,16:41:50,16:59:50,180
20N-GLOBAUX-10-S_2_0,16:59:50,17:20:20,205
20N-GLOBAUX-10-S_2_0,17:20:20,17:46:35,225
20N-GLOBAUX-10-S_2_0,17:46:35,18:04:35,270
20N-GLOBAUX-10-S_2_0,18:04:35,23:19:35,300
20N-GLOBAUX-10-S_2_0,23:19:35,23:39:05,390
20N-GLOBAUX-10-S_2_0,23:39:05,23:46:00,415
20N-GLOBAUX-10-S_2_0,23:46:00,24:30:00,440
20N-GLOBAUX-10-S_4_0,05:30:00,06:50:00,600
20N-GLOBAUX-10-S_4_0,06:50:00,07:00:00,300
20N-GLOBAUX-10-S_4_0,07:00:00,08:54:00,285
20N-GLOBAUX-10-S_4_0,08:54:00,08:59:00,300
20N-GLOBAUX-10-S_4_0,08:59:00,09:04:30,330
20N-GLOBAUX-10-S_4_0,09:04:30,09:12:10,460
20N-GLOBAUX-10-S_4_0,09:12:10,09:20:00,470
20N-GLOBAUX-10-S_4_0,09:20:00,15:10:00,600
20N-GLOBAUX-10-S_4_0,15:10:00,15:16:00,360
20N-GLOBAUX-10-S_4_0,15:16:00,18:21:15,285
20N-GLOBAUX-10-S_4_0,18:21:15,19:13:15,390
20N-GLOBAUX-10-S_4_0,19:13:15,19:20:00,405
20N-GLOBAUX-10-S_4_0,19:20:00,24:40:00,600
20N-GLOBAUX-10-S_4_0,24:40:00,24:48:30,510
20N-GLOBAUX-10-S_4_0,24:48:30,25:00:00,690
20N-GLOBAUX-10-S_4_1,05:30:00,06:40:00,600
20N-GLOBAUX-10-S_4_1,06:40:00,07:00:00,300
20N-GLOBAUX-10-S_4_1,07:00:00,08:49:15,285
20N-GLOBAUX-10-S_4_1,08:49:15,08:54:45,330
20N-GLOBAUX-10-S_4_1,08:54:45,09:02:25,460
20N-GLOBAUX-10-S_4_1,09:02:25,09:10:10,465
20N-GLOBAUX-10-S_4_1,09:10:10,09:20:00,590
20N-GLOBAUX-10-S_4_1,09:20:00,15:00:00,600
20N-GLOBAUX-10-S_4_1,15:00:00,15:06:00,360
20N-GLOBAUX-10-S_4_1,15:06:00,15:16:00,300
20N-GLOBAUX-10-S_4_1,15:16:00,18:11:45,285
20N-GLOBAUX-10-S_4_1,18:11:45,19:10:15,390
20N-GLOBAUX-10-S_4_1,19:10:15,19:20:00,585
20N-GLOBAUX-10-S_4_1,19:20:00,25:00:00,600
20N-GLOBAUX-10-S_5_3,05:30:00,06:02:00,480
20N-GLOBAUX-10-S_5_3,06:02:00,06:17:00,450
20N-GLOBAUX-10-S_5_3,06:17:00,06:24:20,440
20N-GLOBAUX-10-S_5_3,06:24:20,09:04:20,300
20N-GLOBAUX-10-S_5_3,09:04:20,09:10:45,385
20N-GLOBAUX-10-S_5_3,09:10:45,09:24:45,420
20N-GLOBAUX-10-S_5_3,09:24:45,15:08:45,480
20N-GLOBAUX-10-S_5_3,15:08:45,15:14:45,360
20N-GLOBAUX-10-S_5_3,15:14:45,15:20:35,350
20N-GLOBAUX-10-S_5_3,15:20:35,22:35:35,300
20N-GLOBAUX-10-S_5_3,22:35:35,22:47:35,360
20N-GLOBAUX-10-S_5_3,22:47:35,22:54:30,415
20N-GLOBAUX-10-S_5_3,22:54:30,23:01:30,420
20N-GLOBAUX-10-S_5_3,23:01:30,23:09:00,450
20N-GLOBAUX-10-S_5_3,23:09:00,24:45:00,480
20N-GLOBAUX-10-S_5_2,05:30:00,06:18:00,480
20N-GLOBAUX-10-S_5_2,06:18:00,06:24:25,385
20N-GLOBAUX-10-S_5_2,06:24:25,06:29:55,330
20N-GLOBAUX-10-S_5_2,06:29:55,09:04:55,300
20N-GLOBAUX-10-S_5_2,09:04:55,09:11:20,385
20N-GLOBAUX-10-S_5_2,09:11:20,09:25:20,420
20N-GLOBAUX-10-S_5_2,09:25:20,15:01:20,480
20N-GLOBAUX-10-S_5_2,15:01:20,15:08:20,420
20N-GLOBAUX-10-S_5_2,15:08:20,15:14:50,390
20N-GLOBAUX-10-S_5_2,15:14:50,15:20:50,360
20N-GLOBAUX-10-S_5_2,15:20:50,22:40:50,300
20N-GLOBAUX-10-S_5_2,22:40:50,22:46:50,360
20N-GLOBAUX-10-S_5_2,22:46:50,22:54:00,430
20N-GLOBAUX-10-S_5_2,22:54:00,23:09:00,450
20N-GLOBAUX-10-S_5_2,23:09:00,24:45:00,480
20N-GLOBAUX-11-S_1_3,05:30:00,06:10:00,480
20N-GLOBAUX-11-S_1_3,06:10:00,06:16:30,390
20N-GLOBAUX-11-S_1_3,06:16:30,06:51:30,300
20N-GLOBAUX-11-S_1_3,06:51:30,07:15:30,240
20N-GLOBAUX-11-S_1_3,07:15:30,07:27:00,230
20N-GLOBAUX-11-S_1_3,07:27:00,07:41:20,215
20N-GLOBAUX-11-S_1_3,07:41:20,07:44:50,210
20N-GLOBAUX-11-S_1_3,07:44:50,08:30:20,195
20N-GLOBAUX-11-S_1_3,08:30:20,08:37:20,210
20N-GLOBAUX-11-S_1_3,08:37:20,08:40:55,215
20N-GLOBAUX-11-S_1_3,08:40:55,08:44:35,220
20N-GLOBAUX-11-S_1_3,08:44:35,08:53:55,280
20N-GLOBAUX-11-S_1_3,08:53:55,09:12:55,285
20N-GLOBAUX-11-S_1_3,09:12:55,15:32:55,300
20N-GLOBAUX-11-S_1_3,15:32:55,15:37:25,270
20N-GLOBAUX-11-S_1_3,15:37:25,15:57:25,240
20N-GLOBAUX-11-S_1_3,15:57:25,16:01:20,235
20N-GLOBAUX-11-S_1_3,16:01:20,16:51:10,230
20N-GLOBAUX-11-S_1_3,16:51:10,18:03:10,240
20N-GLOBAUX-11-S_1_3,18:03:10,18:07:20,250
20N-GLOBAUX-11-S_1_3,18:07:20,18:34:20,270
20N-GLOBAUX-11-S_1_3,18:34:20,19:02:50,285
20N-GLOBAUX-11-S_1_3,19:02:50,22:42:50,300
20N-GLOBAUX-11-S_1_3,22:42:50,22:49:00,370
20N-GLOBAUX-11-S_1_3,22:49:00,22:56:00,420
20N-GLOBAUX-11-S_1_3,22:56:00,23:10:30,435
20N-GLOBAUX-11-S_1_3,23:10:30,23:18:00,450
20N-GLOBAUX-11-S_1_3,23:18:00,24:38:00,480
20N-GLOBAUX-11-S_1_2,05:30:00,06:02:00,480
20N-GLOBAUX-11-S_1_2,06:02:00,06:09:00,420
20N-GLOBAUX-11-S_1_2,06:09:00,06:15:00,360
20N-GLOBAUX-11-S_1_2,06:15:00,06:40:00,300
20N-GLOBAUX-11-S_1_2,06:40:00,06:44:30,270
20N-GLOBAUX-11-S_1_2,06:44:30,06:57:00,250
20N-GLOBAUX-11-S_1_2,06:57:00,07:08:30,230
20N-GLOBAUX-11-S_1_2,07:08:30,07:30:30,220
20N-GLOBAUX-11-S_1_2,07:30:30,07:48:25,215
20N-GLOBAUX-11-S_1_2,07:48:25,08:30:25,210
20N-GLOBAUX-11-S_1_2,08:30:25,08:39:55,285
20N-GLOBAUX-11-S_1_2,08:39:55,08:44:50,295
20N-GLOBAUX-11-S_1_2,08:44:50,15:24:50,300
20N-GLOBAUX-11-S_1_2,15:24:50,15:29:20,270
20N-GLOBAUX-11-S_1_2,15:29:20,15:41:20,240
20N-GLOBAUX-11-S_1_2,15:41:20,16:04:20,230
20N-GLOBAUX-11-S_1_2,16:04:20,16:11:30,215
20N-GLOBAUX-11-S_1_2,16:11:30,16:28:35,205
20N-GLOBAUX-11-S_1_2,16:28:35,16:31:55,200
20N-GLOBAUX-11-S_1_2,16:31:55,17:06:45,190
20N-GLOBAUX-11-S_1_2,17:06:45,17:10:00,195
20N-GLOBAUX-11-S_1_2,17:10:00,17:13:30,210
20N-GLOBAUX-11-S_1_2,17:13:30,17:25:00,230
20N-GLOBAUX-11-S_1_2,17:25:00,17:53:00,240
20N-GLOBAUX-11-S_1_2,17:53:00,18:20:00,270
20N-GLOBAUX-11-S_1_2,18:20:00,22:30:00,300
20N-GLOBAUX-11-S_1_2,22:30:00,22:35:30,330
20N-GLOBAUX-11-S_1_2,22:35:30,23:23:00,475
20N-GLOBAUX-11-S_1_2,23:23:00,24:35:00,480
20N-GLOBAUX-11-S_2_1,05:29:55,05:49:25,390
20N-GLOBAUX-11-S_2_1,05:49:25,06:20:40,375
20N-GLOBAUX-11-S_2_1,06:20:40,06:30:30,295
20N-GLOBAUX-11-S_2_1,06:30:30,06:40:20,285
20N-GLOBAUX-11-S_2_1,06:40:20,06:44:35,255
20N-GLOBAUX-11-S_2_1,06:44:35,07:12:35,240
20N-GLOBAUX-11-S_2_1,07:12:35,07:23:35,220
20N-GLOBAUX-11-S_2_1,07:23:35,07:34:05,210
20N-GLOBAUX-11-S_2_1,07:34:05,07:40:35,195
20N-GLOBAUX-11-S_2_1,07:40:35,08:18:30,175
20N-GLOBAUX-11-S_2_1,08:18:30,08:30:50,185
20N-GLOBAUX-11-S_2_1,08:30:50,08:42:05,225
20N-GLOBAUX-11-S_2_1,08:42:05,09:14:05,240
20N-GLOBAUX-11-S_2_1,09:14:05,09:24:05,300
20N-GLOBAUX-11-S_2_1,09:24:05,09:29:25,320
20N-GLOBAUX-11-S_2_1,09:29:25,13:59:10,360
20N-GLOBAUX-11-S_2_1,13:59:10,14:13:55,295
20N-GLOBAUX-11-S_2_1,14:13:55,14:37:40,285
20N-GLOBAUX-11-S_2_1,14:37:40,14:46:40,270
20N-GLOBAUX-11-S_2_1,14:46:40,14:50:50,250
20N-GLOBAUX-11-S_2_1,14:50:50,15:05:30,220
20N-GLOBAUX-11-S_2_1,15:05:30,15:26:40,210
20N-GLOBAUX-11-S_2_1,15:26:40,15:52:40,195
20N-GLOBAUX-11-S_2_1,15:52:40,15:55:50,190
20N-GLOBAUX-11-S_2_1,15:55:50,16:13:50,180
20N-GLOBAUX-11-S_2_1,16:13:50,16:44:35,205
20N-GLOBAUX-11-S_2_1,16:44:35,17:03:20,225
20N-GLOBAUX-11-S_2_1,17:03:20,17:24:35,255
20N-GLOBAUX-11-S_2_1,17:24:35,17:29:05,270
20N-GLOBAUX-11-S_2_1,17:29:05,18:24:05,300
20N-GLOBAUX-11-S_2_1,18:24:05,18:35:00,330
20N-GLOBAUX-11-S_2_1,18:35:00,22:34:45,300
20N-GLOBAUX-11-S_2_1,22:34:45,22:55:00,405
20N-GLOBAUX-11-S_2_1,22:55:00,24:30:20,440
20N-GLOBAUX-11-S_2_1,24:30:20,24:38:50,510
20N-GLOBAUX-11-S_2_0,05:30:00,05:36:50,410
20N-GLOBAUX-11-S_2_0,05:36:50,06:35:20,390
20N-GLOBAUX-11-S_2_0,06:35:20,06:41:20,360
20N-GLOBAUX-11-S_2_0,06:41:20,07:03:20,330
20N-GLOBAUX-11-S_2_0,07:03:20,07:26:40,280
20N-GLOBAUX-11-S_2_0,07:26:40,07:30:55,255
20N-GLOBAUX-11-S_2_0,07:30:55,07:58:55,240
20N-GLOBAUX-11-S_2_0,07:58:55,08:09:55,220
20N-GLOBAUX-11-S_2_0,08:09:55,08:20:25,210
20N-GLOBAUX-11-S_2_0,08:20:25,08:26:55,195
20N-GLOBAUX-11-S_2_0,08:26:55,09:04:50,175
20N-GLOBAUX-11-S_2_0,09:04:50,09:17:10,185
20N-GLOBAUX-11-S_2_0,09:17:10,09:53:10,240
20N-GLOBAUX-11-S_2_0,09:53:10,09:58:40,330
20N-GLOBAUX-11-S_2_0,09:58:40,10:28:40,360
20N-GLOBAUX-11-S_2_0,10:28:40,10:39:00,310
20N-GLOBAUX-11-S_2_0,10:39:00,14:33:00,360
20N-GLOBAUX-11-S_2_0,14:33:00,14:38:35,335
20N-GLOBAUX-11-S_2_0,14:38:35,15:32:35,270
20N-GLOBAUX-11-S_2_0,15:32:35,15:40:35,240
20N-GLOBAUX-11-S_2_0,15:40:35,15:58:55,220
20N-GLOBAUX-11-S_2_0,15:58:55,16:09:25,210
20N-GLOBAUX-11-S_2_0,16:09:25,16:38:40,195
20N-GLOBAUX-11-S_2_0,16:38:40,16:41:50,190
20N-GLOBAUX-11-S_2_0,16:41:50,16:59:50,180
20N-GLOBAUX-11-S_2_0,16:59:50,17:20:20,205
20N-GLOBAUX-11-S_2_0,17:20:20,17:46:35,225
20N-GLOBAUX-11-S_2_0,17:46:35,18:04:35,270
20N-GLOBAUX-11-S_2_0,18:04:35,23:19:35,300
20N-GLOBAUX-11-S_2_0,23:19:35,23:39:05,390
20N-GLOBAUX-11-S_2_0,23:39:05,23:46:00,415
20N-GLOBAUX-11-S_2_0,23:46:00,24:30:00,440
20N-GLOBAUX-11-S_4_0,05:30:00,06:50:00,600
20N-GLOBAUX-11-S_4_0,06:50:00,07:00:00,300
20N-GLOBAUX-11-S_4_0,07:00:00,08:54:00,285
20N-GLOBAUX-11-S_4_0,08:54:00,08:59:00,300
20N-GLOBAUX-11-S_4_0,08:59:00,09:04:30,330
20N-GLOBAUX-11-S_4_0,09:04:30,09:12:10,460
20N-GLOBAUX-11-S_4_0,09:12:10,09:20:00,470
20N-GLOBAUX-11-S_4_0,09:20:00,15:10:00,600
20N-GLOBAUX-11-S_4_0,15:10:00,15:16:00,360
20N-GLOBAUX-11-S_4_0,15:16:00,18:21:15,285
20N-GLOBAUX-11-S_4_0,18:21:15,19:13:15,390
20N-GLOBAUX-11-S_4_0,19:13:15,19:20:00,405
20N-GLOBAUX-11-S_4_0,19:20:00,24:40:00,600
20N-GLOBAUX-11-S_4_0,24:40:00,24:48:30,510
20N-GLOBAUX-11-S_4_0,24:48:30,25:00:00,690
20N-GLOBAUX-11-S_4_1,05:30:00,06:40:00,600
20N-GLOBAUX-11-S_4_1,06:40:00,07:00:00,300
20N-GLOBAUX-11-S_4_1,07:00:00,08:49:15,285
20N-GLOBAUX-11-S_4_1,08:49:15,08:54:45,330
20N-GLOBAUX-11-S_4_1,08:54:45,09:02:25,460
20N-GLOBAUX-11-S_4_1,09:02:25,09:10:10,465
20N-GLOBAUX-11-S_4_1,09:10:10,09:20:00,590
20N-GLOBAUX-11-S_4_1,09:20:00,15:00:00,600
20N-GLOBAUX-11-S_4_1,15:00:00,15:06:00,360
20N-GLOBAUX-11-S_4_1,15:06:00,15:16:00,300
20N-GLOBAUX-11-S_4_1,15:16:00,18:11:45,285
20N-GLOBAUX-11-S_4_1,18:11:45,19:10:15,390
20N-GLOBAUX-11-S_4_1,19:10:15,19:20:00,585
20N-GLOBAUX-11-S_4_1,19:20:00,25:00:00,600
20N-GLOBAUX-11-S_5_3,05:30:00,06:02:00,480
20N-GLOBAUX-11-S_5_3,06:02:00,06:17:00,450
20N-GLOBAUX-11-S_5_3,06:17:00,06:24:20,440
20N-GLOBAUX-11-S_5_3,06:24:20,09:04:20,300
20N-GLOBAUX-11-S_5_3,09:04:20,09:10:45,385
20N-GLOBAUX-11-S_5_3,09:10:45,09:24:45,420
20N-GLOBAUX-11-S_5_3,09:24:45,15:08:45,480
20N-GLOBAUX-11-S_5_3,15:08:45,15:14:45,360
20N-GLOBAUX-11-S_5_3,15:14:45,15:20:35,350
20N-GLOBAUX-11-S_5_3,15:20:35,22:35:35,300
20N-GLOBAUX-11-S_5_3,22:35:35,22:47:35,360
20N-GLOBAUX-11-S_5_3,22:47:35,22:54:30,415
20N-GLOBAUX-11-S_5_3,22:54:30,23:01:30,420
20N-GLOBAUX-11-S_5_3,23:01:30,23:09:00,450
20N-GLOBAUX-11-S_5_3,23:09:00,24:45:00,480
20N-GLOBAUX-11-S_5_2,05:30:00,06:18:00,480
20N-GLOBAUX-11-S_5_2,06:18:00,06:24:25,385
20N-GLOBAUX-11-S_5_2,06:24:25,06:29:55,330
20N-GLOBAUX-11-S_5_2,06:29:55,09:04:55,300
20N-GLOBAUX-11-S_5_2,09:04:55,09:11:20,385
20N-GLOBAUX-11-S_5_2,09:11:20,09:25:20,420
20N-GLOBAUX-11-S_5_2,09:25:20,15:01:20,480
20N-GLOBAUX-11-S_5_2,15:01:20,15:08:20,420
20N-GLOBAUX-11-S_5_2,15:08:20,15:14:50,390
20N-GLOBAUX-11-S_5_2,15:14:50,15:20:50,360
20N-GLOBAUX-11-S_5_2,15:20:50,22:40:50,300
20N-GLOBAUX-11-S_5_2,22:40:50,22:46:50,360
20N-GLOBAUX-11-S_5_2,22:46:50,22:54:00,430
20N-GLOBAUX-11-S_5_2,22:54:00,23:09:00,450
20N-GLOBAUX-11-S_5_2,23:09:00,24:45:00,480
20N-GLOBAUX-10-A_1_3,05:30:00,07:25:30,630
20N-GLOBAUX-10-A_1_3,07:25:30,08:12:10,560
20N-GLOBAUX-10-A_1_3,08:12:10,10:43:40,505
20N-GLOBAUX-10-A_1_3,10:43:40,12:00:20,460
20N-GLOBAUX-10-A_1_3,12:00:20,12:07:20,420
20N-GLOBAUX-10-A_1_3,12:07:20,18:24:20,390
20N-GLOBAUX-10-A_1_3,18:24:20,18:31:20,420
20N-GLOBAUX-10-A_1_3,18:31:20,19:25:00,460
20N-GLOBAUX-10-A_1_3,19:25:00,21:22:50,505
20N-GLOBAUX-10-A_1_3,21:22:50,24:01:30,560
20N-GLOBAUX-10-A_1_3,24:01:30,24:12:00,630
20N-GLOBAUX-10-A_1_3,24:12:00,24:23:00,660
20N-GLOBAUX-10-A_1_3,24:23:00,25:08:00,675
20N-GLOBAUX-10-A_1_2,05:30:00,08:07:30,630
20N-GLOBAUX-10-A_1_2,08:07:30,08:54:10,560
20N-GLOBAUX-10-A_1_2,08:54:10,09:02:45,515
20N-GLOBAUX-10-A_1_2,09:02:45,10:01:40,505
20N-GLOBAUX-10-A_1_2,10:01:40,12:04:20,460
20N-GLOBAUX-10-A_1_2,12:04:20,18:27:50,390
20N-GLOBAUX-10-A_1_2,18:27:50,18:35:20,450
20N-GLOBAUX-10-A_1_2,18:35:20,20:07:20,460
20N-GLOBAUX-10-A_1_2,20:07:20,20:15:35,495
20N-GLOBAUX-10-A_1_2,20:15:35,22:05:00,505
20N-GLOBAUX-10-A_1_2,22:05:00,22:14:10,550
20N-GLOBAUX-10-A_1_2,22:14:10,23:19:30,560
20N-GLOBAUX-10-A_1_2,23:19:30,24:54:00,630
20N-GLOBAUX-10-A_1_2,24:54:00,25:05:00,660
20N-GLOBAUX-10-A_2_1,05:29:59,06:17:54,575
20N-GLOBAUX-10-A_2_1,06:17:54,06:27:31,577
20N-GLOBAUX-10-A_2_1,06:27:31,06:46:41,575
20N-GLOBAUX-10-A_2_1,06:46:41,06:56:20,579
20N-GLOBAUX-10-A_2_1,06:56:20,07:15:30,575
20N-GLOBAUX-10-A_2_1,07:15:30,07:52:50,560
20N-GLOBAUX-10-A_2_1,07:52:50,08:01:35,525
20N-GLOBAUX-10-A_2_1,08:01:35,08:10:22,527
20N-GLOBAUX-10-A_2_1,08:10:22,08:45:22,525
20N-GLOBAUX-10-A_2_1,08:45:22,08:54:06,524
20N-GLOBAUX-10-A_2_1,08:54:06,09:02:51,525
20N-GLOBAUX-10-A_2_1,09:02:51,09:11:34,523
20N-GLOBAUX-10-A_2_1,09:11:34,10:30:19,525
20N-GLOBAUX-10-A_2_1,10:30:19,11:08:39,460
20N-GLOBAUX-10-A_2_1,11:08:39,11:15:59,440
20N-GLOBAUX-10-A_2_1,11:15:59,11:23:25,446
20N-GLOBAUX-10-A_2_1,11:23:25,12:05:25,420
20N-GLOBAUX-10-A_2_1,12:05:25,12:12:28,423
20N-GLOBAUX-10-A_2_1,12:12:28,12:19:28,420
20N-GLOBAUX-10-A_2_1,12:19:28,12:32:48,400
20N-GLOBAUX-10-A_2_1,12:32:48,12:39:23,395
20N-GLOBAUX-10-A_2_1,12:39:23,14:34:53,385
20N-GLOBAUX-10-A_2_1,14:34:53,14:41:15,382
20N-GLOBAUX-10-A_2_1,14:41:15,14:47:40,385
20N-GLOBAUX-10-A_2_1,14:47:40,14:54:00,380
20N-GLOBAUX-10-A_2_1,14:54:00,18:19:20,385
20N-GLOBAUX-10-A_2_1,18:19:20,18:25:44,384
20N-GLOBAUX-10-A_2_1,18:25:44,18:38:54,395
20N-GLOBAUX-10-A_2_1,18:38:54,19:00:39,435
20N-GLOBAUX-10-A_2_1,19:00:39,19:07:53,434
20N-GLOBAUX-10-A_2_1,19:07:53,19:29:38,435
20N-GLOBAUX-10-A_2_1,19:29:38,19:52:08,450
20N-GLOBAUX-10-A_2_1,19:52:08,19:59:53,465
20N-GLOBAUX-10-A_2_1,19:59:53,20:07:33,460
20N-GLOBAUX-10-A_2_1,20:07:33,20:46:18,465
20N-GLOBAUX-10-A_2_1,20:46:18,21:10:18,480
20N-GLOBAUX-10-A_2_1,21:10:18,21:35:48,510
20N-GLOBAUX-10-A_2_1,21:35:48,21:54:28,560
20N-GLOBAUX-10-A_2_1,21:54:28,22:32:28,570
20N-GLOBAUX-10-A_2_1,22:32:28,22:41:56,568
20N-GLOBAUX-10-A_2_1,22:41:56,23:10:26,570
20N-GLOBAUX-10-A_2_1,23:10:26,23:49:26,585
20N-GLOBAUX-10-A_2_1,23:49:26,23:59:15,589
20N-GLOBAUX-10-A_2_1,23:59:15,24:18:55,590
20N-GLOBAUX-10-A_2_1,24:18:55,25:08:55,600
20N-GLOBAUX-10-A_2_0,05:30:00,07:07:30,585
20N-GLOBAUX-10-A_2_0,07:07:30,07:44:30,555
20N-GLOBAUX-10-A_2_0,07:44:30,08:37:30,530
20N-GLOBAUX-10-A_2_0,08:37:30,11:02:00,510
20N-GLOBAUX-10-A_2_0,11:02:00,12:18:40,460
20N-GLOBAUX-10-A_2_0,12:18:40,12:40:40,440
20N-GLOBAUX-10-A_2_0,12:40:40,13:09:40,435
20N-GLOBAUX-10-A_2_0,13:09:40,19:28:15,385
20N-GLOBAUX-10-A_2_0,19:28:15,21:12:05,445
20N-GLOBAUX-10-A_2_0,21:12:05,21:50:50,465
20N-GLOBAUX-10-A_2_0,21:50:50,22:17:05,525
20N-GLOBAUX-10-A_2_0,22:17:05,22:53:05,540
20N-GLOBAUX-10-A_2_0,22:53:05,23:02:30,565
20N-GLOBAUX-10-A_2_0,23:02:30,24:00:00,575
20N-GLOBAUX-10-A_2_0,24:00:00,25:00:00,600
20N-GLOBAUX-10-A_4_0,05:30:00,25:10:00,600
20N-GLOBAUX-10-A_4_0,25:10:00,25:18:30,510
20N-GLOBAUX-10-A_4_0,25:18:30,25:30:00,690
20N-GLOBAUX-10-A_4_1,05:30:00,25:30:00,600
20N-GLOBAUX-10-A_5_3,05:30:00,08:49:30,630
20N-GLOBAUX-10-A_5_3,08:49:30,08:59:45,615
20N-GLOBAUX-10-A_5_3,08:59:45,20:11:15,510
20N-GLOBAUX-10-A_5_3,20:11:15,20:21:00,585
20N-GLOBAUX-10-A_5_3,20:21:00,25:15:00,630
20N-GLOBAUX-10-A_5_2,05:30:00,09:21:00,630
20N-GLOBAUX-10-A_5_2,09:21:00,20:32:30,510
20N-GLOBAUX-10-A_5_2,20:32:30,20:42:00,570
20N-GLOBAUX-10-A_5_2,20:42:00,25:15:00,630
20N-GLOBAUX-10-I_1_3,05:30:00,07:25:30,630
20N-GLOBAUX-10-I_1_3,07:25:30,08:40:10,560
20N-GLOBAUX-10-I_1_3,08:40:10,12:19:00,505
20N-GLOBAUX-10-I_1_3,12:19:00,15:00:00,460
20N-GLOBAUX-10-I_1_3,15:00:00,18:23:00,420
20N-GLOBAUX-10-I_1_3,18:23:00,18:31:20,500
20N-GLOBAUX-10-I_1_3,18:31:20,22:18:35,505
20N-GLOBAUX-10-I_1_3,22:18:35,22:29:00,625
20N-GLOBAUX-10-I_1_3,22:29:00,24:03:30,630
20N-GLOBAUX-10-I_1_3,24:03:30,24:38:00,690
20N-GLOBAUX-10-I_1_2,05:30:00,08:07:30,630
20N-GLOBAUX-10-I_1_2,08:07:30,09:22:10,560
20N-GLOBAUX-10-I_1_2,09:22:10,09:30:45,515
20N-GLOBAUX-10-I_1_2,09:30:45,11:37:00,505
20N-GLOBAUX-10-I_1_2,11:37:00,14:18:00,460
20N-GLOBAUX-10-I_1_2,14:18:00,18:23:00,420
20N-GLOBAUX-10-I_1_2,18:23:00,21:36:35,505
20N-GLOBAUX-10-I_1_2,21:36:35,21:45:50,555
20N-GLOBAUX-10-I_1_2,21:45:50,23:00:30,560
20N-GLOBAUX-10-I_1_2,23:00:30,24:35:00,630
20N-GLOBAUX-10-I_2_1,05:29:57,05:48:47,565
20N-GLOBAUX-10-I_2_1,05:48:47,07:50:07,560
20N-GLOBAUX-10-I_2_1,07:50:07,08:27:07,555
20N-GLOBAUX-10-I_2_1,08:27:07,08:45:17,545
20N-GLOBAUX-10-I_2_1,08:45:17,08:54:07,530
20N-GLOBAUX-10-I_2_1,08:54:07,09:29:07,525
20N-GLOBAUX-10-I_2_1,09:29:07,09:37:45,518
20N-GLOBAUX-10-I_2_1,09:37:45,09:46:20,515
20N-GLOBAUX-10-I_2_1,09:46:20,09:54:58,518
20N-GLOBAUX-10-I_2_1,09:54:58,11:20:48,515
20N-GLOBAUX-10-I_2_1,11:20:48,11:29:26,518
20N-GLOBAUX-10-I_2_1,11:29:26,11:55:11,515
20N-GLOBAUX-10-I_2_1,11:55:11,12:03:11,480
20N-GLOBAUX-10-I_2_1,12:03:11,12:19:01,475
20N-GLOBAUX-10-I_2_1,12:19:01,12:26:57,476
20N-GLOBAUX-10-I_2_1,12:26:57,12:42:47,475
20N-GLOBAUX-10-I_2_1,12:42:47,14:04:47,410
20N-GLOBAUX-10-I_2_1,14:04:47,14:11:38,411
20N-GLOBAUX-10-I_2_1,14:11:38,15:33:38,410
20N-GLOBAUX-10-I_2_1,15:33:38,15:40:25,407
20N-GLOBAUX-10-I_2_1,15:40:25,16:00:55,410
20N-GLOBAUX-10-I_2_1,16:00:55,16:08:10,435
20N-GLOBAUX-10-I_2_1,16:08:10,17:36:10,440
20N-GLOBAUX-10-I_2_1,17:36:10,17:51:10,450
20N-GLOBAUX-10-I_2_1,17:51:10,18:46:00,470
20N-GLOBAUX-10-I_2_1,18:46:00,18:53:49,469
20N-GLOBAUX-10-I_2_1,18:53:49,19:01:39,470
20N-GLOBAUX-10-I_2_1,19:01:39,19:09:28,469
20N-GLOBAUX-10-I_2_1,19:09:28,19:32:58,470
20N-GLOBAUX-10-I_2_1,19:32:58,19:40:46,468
20N-GLOBAUX-10-I_2_1,19:40:46,19:48:36,470
20N-GLOBAUX-10-I_2_1,19:48:36,19:56:48,492
20N-GLOBAUX-10-I_2_1,19:56:48,20:05:18,510
20N-GLOBAUX-10-I_2_1,20:05:18,20:13:47,509
20N-GLOBAUX-10-I_2_1,20:13:47,20:56:17,510
20N-GLOBAUX-10-I_2_1,20:56:17,21:04:57,520
20N-GLOBAUX-10-I_2_1,21:04:57,21:13:42,525
20N-GLOBAUX-10-I_2_1,21:13:42,21:31:22,530
20N-GLOBAUX-10-I_2_1,21:31:22,21:40:11,529
20N-GLOBAUX-10-I_2_1,21:40:11,21:49:01,530
20N-GLOBAUX-10-I_2_1,21:49:01,21:58:56,595
20N-GLOBAUX-10-I_2_1,21:58:56,22:28:56,600
20N-GLOBAUX-10-I_2_1,22:28:56,22:38:55,599
20N-GLOBAUX-10-I_2_1,22:38:55,22:58:55,600
20N-GLOBAUX-10-I_2_1,22:58:55,23:08:52,597
20N-GLOBAUX-10-I_2_1,23:08:52,23:18:52,600
20N-GLOBAUX-10-I_2_1,23:18:52,23:28:51,599
20N-GLOBAUX-10-I_2_1,23:28:51,23:48:51,600
20N-GLOBAUX-10-I_2_1,23:48:51,23:58:50,599
20N-GLOBAUX-10-I_2_1,23:58:50,24:38:50,600
20N-GLOBAUX-10-I_2_0,05:30:00,08:35:00,555
20N-GLOBAUX-10-I_2_0,08:35:00,08:44:00,540
20N-GLOBAUX-10-I_2_0,08:44:00,12:10:00,515
20N-GLOBAUX-10-I_2_0,12:10:00,12:18:15,495
20N-GLOBAUX-10-I_2_0,12:18:15,13:53:15,475
20N-GLOBAUX-10-I_2_0,13:53:15,14:07:15,420
20N-GLOBAUX-10-I_2_0,14:07:15,17:18:35,410
20N-GLOBAUX-10-I_2_0,17:18:35,18:39:15,440
20N-GLOBAUX-10-I_2_0,18:39:15,20:13:15,470
20N-GLOBAUX-10-I_2_0,20:13:15,21:01:15,480
20N-GLOBAUX-10-I_2_0,21:01:15,21:18:15,510
20N-GLOBAUX-10-I_2_0,21:18:15,22:01:10,515
20N-GLOBAUX-10-I_2_0,22:01:10,22:10:10,540
20N-GLOBAUX-10-I_2_0,22:10:10,22:20:00,590
20N-GLOBAUX-10-I_2_0,22:20:00,24:30:00,600
20N-GLOBAUX-10-I_4_0,05:30:00,24:40:00,600
20N-GLOBAUX-10-I_4_0,24:40:00,24:48:30,510
20N-GLOBAUX-10-I_4_0,24:48:30,25:00:00,690
20N-GLOBAUX-10-I_4_1,05:30:00,25:00:00,600
20N-GLOBAUX-10-I_5_3,05:30:00,08:49:30,630
20N-GLOBAUX-10-I_5_3,08:49:30,08:59:45,615
20N-GLOBAUX-10-I_5_3,08:59:45,19:20:15,510
20N-GLOBAUX-10-I_5_3,19:20:15,19:30:00,585
20N-GLOBAUX-10-I_5_3,19:30:00,24:45:00,630
20N-GLOBAUX-10-I_5_2,05:30:00,09:21:00,630
20N-GLOBAUX-10-I_5_2,09:21:00,19:41:30,510
20N-GLOBAUX-10-I_5_2,19:41:30,19:51:00,570
20N-GLOBAUX-10-I_5_2,19:51:00,24:45:00,630
20N-GLOBAUX-11-F1_1_3,05:30:00,06:18:00,720
20N-GLOBAUX-11-F1_1_3,06:18:00,09:24:00,620
20N-GLOBAUX-11-F1_1_3,09:24:00,23:14:15,615
20N-GLOBAUX-11-F1_1_3,23:14:15,23:24:45,630
20N-GLOBAUX-11-F1_1_3,23:24:45,24:00:45,720
20N-GLOBAUX-11-F1_1_3,24:00:45,24:13:00,735
20N-GLOBAUX-11-F1_1_3,24:13:00,24:38:00,750
20N-GLOBAUX-11-F1_1_2,05:30:00,06:06:00,720
20N-GLOBAUX-11-F1_1_2,06:06:00,06:17:30,690
20N-GLOBAUX-11-F1_1_2,06:17:30,06:28:15,645
20N-GLOBAUX-11-F1_1_2,06:28:15,09:34:15,620
20N-GLOBAUX-11-F1_1_2,09:34:15,23:34:45,615
20N-GLOBAUX-11-F1_1_2,23:34:45,24:22:45,720
20N-GLOBAUX-11-F1_1_2,24:22:45,24:35:00,735
20N-GLOBAUX-11-F1_2_1,05:29:57,09:29:57,600
20N-GLOBAUX-11-F1_2_1,09:29:57,09:40:00,603
20N-GLOBAUX-11-F1_2_1,09:40:00,09:50:00,600
20N-GLOBAUX-11-F1_2_1,09:50:00,10:00:03,603
20N-GLOBAUX-11-F1_2_1,10:00:03,11:20:03,600
20N-GLOBAUX-11-F1_2_1,11:20:03,13:50:07,603
20N-GLOBAUX-11-F1_2_1,13:50:07,14:00:07,600
20N-GLOBAUX-11-F1_2_1,14:00:07,14:10:08,601
20N-GLOBAUX-11-F1_2_1,14:10:08,14:30:08,600
20N-GLOBAUX-11-F1_2_1,14:30:08,15:29:08,590
20N-GLOBAUX-11-F1_2_1,15:29:08,15:39:05,597
20N-GLOBAUX-11-F1_2_1,15:39:05,18:49:05,600
20N-GLOBAUX-11-F1_2_1,18:49:05,19:09:03,599
20N-GLOBAUX-11-F1_2_1,19:09:03,19:29:03,600
20N-GLOBAUX-11-F1_2_1,19:29:03,19:39:01,598
20N-GLOBAUX-11-F1_2_1,19:39:01,19:49:01,600
20N-GLOBAUX-11-F1_2_1,19:49:01,19:58:58,597
20N-GLOBAUX-11-F1_2_1,19:58:58,20:08:57,599
20N-GLOBAUX-11-F1_2_1,20:08:57,21:28:57,600
20N-GLOBAUX-11-F1_2_1,21:28:57,21:38:56,599
20N-GLOBAUX-11-F1_2_1,21:38:56,22:28:56,600
20N-GLOBAUX-11-F1_2_1,22:28:56,22:38:55,599
20N-GLOBAUX-11-F1_2_1,22:38:55,22:58:55,600
20N-GLOBAUX-11-F1_2_1,22:58:55,23:08:52,597
20N-GLOBAUX-11-F1_2_1,23:08:52,23:18:52,600
20N-GLOBAUX-11-F1_2_1,23:18:52,23:28:51,599
20N-GLOBAUX-11-F1_2_1,23:28:51,23:48:51,600
20N-GLOBAUX-11-F1_2_1,23:48:51,23:58:50,599
20N-GLOBAUX-11-F1_2_1,23:58:50,24:38:50,600
20N-GLOBAUX-11-F1_2_0,05:30:00,09:40:00,600
20N-GLOBAUX-11-F1_2_0,09:40:00,12:56:40,590
20N-GLOBAUX-11-F1_2_0,12:56:40,15:30:00,575
20N-GLOBAUX-11-F1_2_0,15:30:00,24:30:00,600
20N-GLOBAUX-11-F1_4_0,05:30:00,24:40:00,600
20N-GLOBAUX-11-F1_4_0,24:40:00,24:48:30,510
20N-GLOBAUX-11-F1_4_0,24:48:30,25:00:00,690
20N-GLOBAUX-11-F1_4_1,05:30:00,25:00:00,600
20N-GLOBAUX-11-F1_5_3,05:30:00,23:00:00,600
20N-GLOBAUX-11-F1_5_3,23:00:00,24:45:00,630
20N-GLOBAUX-11-F1_5_2,05:30:00,05:40:15,615
20N-GLOBAUX-11-F1_5_2,05:40:15,05:50:25,610
20N-GLOBAUX-11-F1_5_2,05:50:25,23:00:25,600
20N-GLOBAUX-11-F1_5_2,23:00:25,23:10:40,615
20N-GLOBAUX-11-F1_5_2,23:10:40,23:21:00,620
20N-GLOBAUX-11-F1_5_2,23:21:00,24:45:00,630
20N-GLOBAUX-10-F2_1_3,05:30:00,05:51:00,630
20N-GLOBAUX-10-F2_1_3,05:51:00,08:04:15,615
20N-GLOBAUX-10-F2_1_3,08:04:15,09:59:45,495
20N-GLOBAUX-10-F2_1_3,09:59:45,11:43:30,415
20N-GLOBAUX-10-F2_1_3,11:43:30,11:49:35,365
20N-GLOBAUX-10-F2_1_3,11:49:35,17:26:50,355
20N-GLOBAUX-10-F2_1_3,17:26:50,17:32:55,365
20N-GLOBAUX-10-F2_1_3,17:32:55,17:40:50,475
20N-GLOBAUX-10-F2_1_3,17:40:50,20:25:50,495
20N-GLOBAUX-10-F2_1_3,20:25:50,20:34:25,515
20N-GLOBAUX-10-F2_1_3,20:34:25,22:47:40,615
20N-GLOBAUX-10-F2_1_3,22:47:40,23:29:00,620
20N-GLOBAUX-10-F2_1_3,23:29:00,25:08:00,660
20N-GLOBAUX-10-F2_1_2,05:30:00,05:51:00,630
20N-GLOBAUX-10-F2_1_2,05:51:00,08:04:15,615
20N-GLOBAUX-10-F2_1_2,08:04:15,09:59:45,495
20N-GLOBAUX-10-F2_1_2,09:59:45,11:43:30,415
20N-GLOBAUX-10-F2_1_2,11:43:30,17:32:35,355
20N-GLOBAUX-10-F2_1_2,17:32:35,21:07:05,495
20N-GLOBAUX-10-F2_1_2,21:07:05,21:15:25,500
20N-GLOBAUX-10-F2_1_2,21:15:25,22:57:55,615
20N-GLOBAUX-10-F2_1_2,22:57:55,24:27:15,670
20N-GLOBAUX-10-F2_1_2,24:27:15,24:39:30,735
20N-GLOBAUX-10-F2_1_2,24:39:30,25:05:00,765
20N-GLOBAUX-10-F2_2_1,05:29:57,06:19:57,600
20N-GLOBAUX-10-F2_2_1,06:19:57,06:29:42,585
20N-GLOBAUX-10-F2_2_1,06:29:42,07:55:12,570
20N-GLOBAUX-10-F2_2_1,07:55:12,08:04:12,540
20N-GLOBAUX-10-F2_2_1,08:04:12,09:03:42,510
20N-GLOBAUX-10-F2_2_1,09:03:42,09:11:57,495
20N-GLOBAUX-10-F2_2_1,09:11:57,09:35:27,470
20N-GLOBAUX-10-F2_2_1,09:35:27,09:51:13,473
20N-GLOBAUX-10-F2_2_1,09:51:13,11:17:23,470
20N-GLOBAUX-10-F2_2_1,11:17:23,11:25:16,473
20N-GLOBAUX-10-F2_2_1,11:25:16,11:32:16,420
20N-GLOBAUX-10-F2_2_1,11:32:16,12:18:21,395
20N-GLOBAUX-10-F2_2_1,12:18:21,12:24:57,396
20N-GLOBAUX-10-F2_2_1,12:24:57,14:03:42,395
20N-GLOBAUX-10-F2_2_1,14:03:42,14:10:18,396
20N-GLOBAUX-10-F2_2_1,14:10:18,15:35:53,395
20N-GLOBAUX-10-F2_2_1,15:35:53,15:42:25,392
20N-GLOBAUX-10-F2_2_1,15:42:25,18:46:45,395
20N-GLOBAUX-10-F2_2_1,18:46:45,18:53:19,394
20N-GLOBAUX-10-F2_2_1,18:53:19,18:59:54,395
20N-GLOBAUX-10-F2_2_1,18:59:54,19:06:28,394
20N-GLOBAUX-10-F2_2_1,19:06:28,19:32:48,395
20N-GLOBAUX-10-F2_2_1,19:32:48,19:40:46,478
20N-GLOBAUX-10-F2_2_1,19:40:46,19:49:31,525
20N-GLOBAUX-10-F2_2_1,19:49:31,19:58:13,522
20N-GLOBAUX-10-F2_2_1,19:58:13,20:06:57,524
20N-GLOBAUX-10-F2_2_1,20:06:57,21:34:27,525
20N-GLOBAUX-10-F2_2_1,21:34:27,21:43:11,524
20N-GLOBAUX-10-F2_2_1,21:43:11,22:35:41,525
20N-GLOBAUX-10-F2_2_1,22:35:41,22:44:25,524
20N-GLOBAUX-10-F2_2_1,22:44:25,23:01:55,525
20N-GLOBAUX-10-F2_2_1,23:01:55,23:10:37,522
20N-GLOBAUX-10-F2_2_1,23:10:37,23:19:22,525
20N-GLOBAUX-10-F2_2_1,23:19:22,23:28:51,569
20N-GLOBAUX-10-F2_2_1,23:28:51,23:48:51,600
20N-GLOBAUX-10-F2_2_1,23:48:51,23:58:50,599
20N-GLOBAUX-10-F2_2_1,23:58:50,25:08:50,600
20N-GLOBAUX-10-F2_2_0,05:30:00,06:30:00,600
20N-GLOBAUX-10-F2_2_0,06:30:00,08:04:10,565
20N-GLOBAUX-10-F2_2_0,08:04:10,08:13:20,550
20N-GLOBAUX-10-F2_2_0,08:13:20,08:21:50,510
20N-GLOBAUX-10-F2_2_0,08:21:50,09:54:25,505
20N-GLOBAUX-10-F2_2_0,09:54:25,10:02:25,480
20N-GLOBAUX-10-F2_2_0,10:02:25,11:38:50,445
20N-GLOBAUX-10-F2_2_0,11:38:50,11:52:20,405
20N-GLOBAUX-10-F2_2_0,11:52:20,20:06:05,395
20N-GLOBAUX-10-F2_2_0,20:06:05,22:07:25,520
20N-GLOBAUX-10-F2_2_0,22:07:25,23:10:25,540
20N-GLOBAUX-10-F2_2_0,23:10:25,23:20:00,575
20N-GLOBAUX-10-F2_2_0,23:20:00,25:00:00,600
20N-GLOBAUX-10-F2_4_0,05:30:00,25:10:00,600
20N-GLOBAUX-10-F2_4_0,25:10:00,25:18:30,510
20N-GLOBAUX-10-F2_4_0,25:18:30,25:30:00,690
20N-GLOBAUX-10-F2_4_1,05:30:00,25:30:00,600
20N-GLOBAUX-10-F2_5_3,05:30:00,08:49:30,630
20N-GLOBAUX-10-F2_5_3,08:49:30,08:59:45,615
20N-GLOBAUX-10-F2_5_3,08:59:45,20:11:15,510
20N-GLOBAUX-10-F2_5_3,20:11:15,20:21:00,585
20N-GLOBAUX-10-F2_5_3,20:21:00,25:15:00,630
20N-GLOBAUX-10-F2_5_2,05:30:00,09:21:00,630
20N-GLOBAUX-10-F2_5_2,09:21:00,20:32:30,510
20N-GLOBAUX-10-F2_5_2,20:32:30,20:42:00,570
20N-GLOBAUX-10-F2_5_2,20:42:00,25:15:00,630
20N-GLOBAUX-11-F3_1_3,05:30:00,06:18:00,720
20N-GLOBAUX-11-F3_1_3,06:18:00,09:24:00,620
20N-GLOBAUX-11-F3_1_3,09:24:00,23:14:15,615
20N-GLOBAUX-11-F3_1_3,23:14:15,23:24:45,630
20N-GLOBAUX-11-F3_1_3,23:24:45,24:00:45,720
20N-GLOBAUX-11-F3_1_3,24:00:45,24:13:00,735
20N-GLOBAUX-11-F3_1_3,24:13:00,24:38:00,750
20N-GLOBAUX-11-F3_1_2,05:30:00,06:06:00,720
20N-GLOBAUX-11-F3_1_2,06:06:00,06:17:30,690
20N-GLOBAUX-11-F3_1_2,06:17:30,06:28:15,645
20N-GLOBAUX-11-F3_1_2,06:28:15,09:34:15,620
20N-GLOBAUX-11-F3_1_2,09:34:15,23:34:45,615
20N-GLOBAUX-11-F3_1_2,23:34:45,24:22:45,720
20N-GLOBAUX-11-F3_1_2,24:22:45,24:35:00,735
20N-GLOBAUX-11-F3_2_1,05:29:57,09:29:57,600
20N-GLOBAUX-11-F3_2_1,09:29:57,09:40:00,603
20N-GLOBAUX-11-F3_2_1,09:40:00,09:50:00,600
20N-GLOBAUX-11-F3_2_1,09:50:00,10:00:03,603
20N-GLOBAUX-11-F3_2_1,10:00:03,11:20:03,600
20N-GLOBAUX-11-F3_2_1,11:20:03,13:50:07,603
20N-GLOBAUX-11-F3_2_1,13:50:07,14:00:07,600
20N-GLOBAUX-11-F3_2_1,14:00:07,14:10:08,601
20N-GLOBAUX-11-F3_2_1,14:10:08,14:30:08,600
20N-GLOBAUX-11-F3_2_1,14:30:08,15:29:08,590
20N-GLOBAUX-11-F3_2_1,15:29:08,15:39:05,597
20N-GLOBAUX-11-F3_2_1,15:39:05,18:49:05,600
20N-GLOBAUX-11-F3_2_1,18:49:05,19:09:03,599
20N-GLOBAUX-11-F3_2_1,19:09:03,19:29:03,600
20N-GLOBAUX-11-F3_2_1,19:29:03,19:39:01,598
20N-GLOBAUX-11-F3_2_1,19:39:01,19:49:01,600
20N-GLOBAUX-11-F3_2_1,19:49:01,19:58:58,597
20N-GLOBAUX-11-F3_2_1,19:58:58,20:08:57,599
20N-GLOBAUX-11-F3_2_1,20:08:57,21:28:57,600
20N-GLOBAUX-11-F3_2_1,21:28:57,21:38:56,599
20N-GLOBAUX-11-F3_2_1,21:38:56,22:28:56,600
20N-GLOBAUX-11-F3_2_1,22:28:56,22:38:55,599
20N-GLOBAUX-11-F3_2_1,22:38:55,22:58:55,600
20N-GLOBAUX-11-F3_2_1,22:58:55,23:08:52,597
20N-GLOBAUX-11-F3_2_1,23:08:52,23:18:52,600
20N-GLOBAUX-11-F3_2_1,23:18:52,23:28:51,599
20N-GLOBAUX-11-F3_2_1,23:28:51,23:48:51,600
20N-GLOBAUX-11-F3_2_1,23:48:51,23:58:50,599
20N-GLOBAUX-11-F3_2_1,23:58:50,24:38:50,600
20N-GLOBAUX-11-F3_2_0,05:30:00,09:40:00,600
20N-GLOBAUX-11-F3_2_0,09:40:00,12:56:40,590
20N-GLOBAUX-11-F3_2_0,12:56:40,15:30:00,575
20N-GLOBAUX-11-F3_2_0,15:30:00,24:30:00,600
20N-GLOBAUX-11-F3_4_0,05:30:00,24:40:00,600
20N-GLOBAUX-11-F3_4_0,24:40:00,24:48:30,510
20N-GLOBAUX-11-F3_4_0,24:48:30,25:00:00,690
20N-GLOBAUX-11-F3_4_1,05:30:00,25:00:00,600
20N-GLOBAUX-11-F3_5_3,05:30:00,23:00:00,600
20N-GLOBAUX-11-F3_5_3,23:00:00,24:45:00,630
20N-GLOBAUX-11-F3_5_2,05:30:00,05:40:15,615
20N-GLOBAUX-11-F3_5_2,05:40:15,05:50:25,610
20N-GLOBAUX-11-F3_5_2,05:50:25,23:00:25,600
20N-GLOBAUX-11-F3_5_2,23:00:25,23:10:40,615
20N-GLOBAUX-11-F3_5_2,23:10:40,23:21:00,620
20N-GLOBAUX-11-F3_5_2,23:21:00,24:45:00,630
20N-GLOBAUX-10-F4_1_3,05:30:00,07:25:30,630
20N-GLOBAUX-10-F4_1_3,07:25:30,08:12:10,560
20N-GLOBAUX-10-F4_1_3,08:12:10,10:43:40,505
20N-GLOBAUX-10-F4_1_3,10:43:40,12:00:20,460
20N-GLOBAUX-10-F4_1_3,12:00:20,12:07:20,420
20N-GLOBAUX-10-F4_1_3,12:07:20,18:24:20,390
20N-GLOBAUX-10-F4_1_3,18:24:20,18:31:20,420
20N-GLOBAUX-10-F4_1_3,18:31:20,19:25:00,460
20N-GLOBAUX-10-F4_1_3,19:25:00,21:22:50,505
20N-GLOBAUX-10-F4_1_3,21:22:50,24:01:30,560
20N-GLOBAUX-10-F4_1_3,24:01:30,24:12:00,630
20N-GLOBAUX-10-F4_1_3,24:12:00,24:23:00,660
20N-GLOBAUX-10-F4_1_3,24:23:00,25:08:00,675
20N-GLOBAUX-10-F4_1_2,05:30:00,08:07:30,630
20N-GLOBAUX-10-F4_1_2,08:07:30,08:54:10,560
20N-GLOBAUX-10-F4_1_2,08:54:10,09:02:45,515
20N-GLOBAUX-10-F4_1_2,09:02:45,10:01:40,505
20N-GLOBAUX-10-F4_1_2,10:01:40,12:04:20,460
20N-GLOBAUX-10-F4_1_2,12:04:20,18:27:50,390
20N-GLOBAUX-10-F4_1_2,18:27:50,18:35:20,450
20N-GLOBAUX-10-F4_1_2,18:35:20,20:07:20,460
20N-GLOBAUX-10-F4_1_2,20:07:20,20:15:35,495
20N-GLOBAUX-10-F4_1_2,20:15:35,22:05:00,505
20N-GLOBAUX-10-F4_1_2,22:05:00,22:14:10,550
20N-GLOBAUX-10-F4_1_2,22:14:10,23:19:30,560
20N-GLOBAUX-10-F4_1_2,23:19:30,24:54:00,630
20N-GLOBAUX-10-F4_1_2,24:54:00,25:05:00,660
20N-GLOBAUX-10-F4_2_1,05:29:59,06:17:54,575
20N-GLOBAUX-10-F4_2_1,06:17:54,06:27:31,577
20N-GLOBAUX-10-F4_2_1,06:27:31,06:46:41,575
20N-GLOBAUX-10-F4_2_1,06:46:41,06:56:20,579
20N-GLOBAUX-10-F4_2_1,06:56:20,07:15:30,575
20N-GLOBAUX-10-F4_2_1,07:15:30,07:52:50,560
20N-GLOBAUX-10-F4_2_1,07:52:50,08:01:35,525
20N-GLOBAUX-10-F4_2_1,08:01:35,08:10:22,527
20N-GLOBAUX-10-F4_2_1,08:10:22,08:45:22,525
20N-GLOBAUX-10-F4_2_1,08:45:22,08:54:06,524
20N-GLOBAUX-10-F4_2_1,08:54:06,09:02:51,525
20N-GLOBAUX-10-F4_2_1,09:02:51,09:11:34,523
20N-GLOBAUX-10-F4_2_1,09:11:34,10:30:19,525
20N-GLOBAUX-10-F4_2_1,10:30:19,11:08:39,460
20N-GLOBAUX-10-F4_2_1,11:08:39,11:15:59,440
20N-GLOBAUX-10-F4_2_1,11:15:59,11:23:25,446
20N-GLOBAUX-10-F4_2_1,11:23:25,12:05:25,420
20N-GLOBAUX-10-F4_2_1,12:05:25,12:12:28,423
20N-GLOBAUX-10-F4_2_1,12:12:28,12:19:28,420
20N-GLOBAUX-10-F4_2_1,12:19:28,12:32:48,400
20N-GLOBAUX-10-F4_2_1,12:32:48,12:39:23,395
20N-GLOBAUX-10-F4_2_1,12:39:23,14:34:53,385
20N-GLOBAUX-10-F4_2_1,14:34:53,14:41:15,382
20N-GLOBAUX-10-F4_2_1,14:41:15,14:47:40,385
20N-GLOBAUX-10-F4_2_1,14:47:40,14:54:00,380
20N-GLOBAUX-10-F4_2_1,14:54:00,18:19:20,385
20N-GLOBAUX-10-F4_2_1,18:19:20,18:25:44,384
20N-GLOBAUX-10-F4_2_1,18:25:44,18:38:54,395
20N-GLOBAUX-10-F4_2_1,18:38:54,19:00:39,435
20N-GLOBAUX-10-F4_2_1,19:00:39,19:07:53,434
20N-GLOBAUX-10-F4_2_1,19:07:53,19:29:38,435
20N-GLOBAUX-10-F4_2_1,19:29:38,19:52:08,450
20N-GLOBAUX-10-F4_2_1,19:52:08,19:59:53,465
20N-GLOBAUX-10-F4_2_1,19:59:53,20:07:33,460
20N-GLOBAUX-10-F4_2_1,20:07:33,20:46:18,465
20N-GLOBAUX-10-F4_2_1,20:46:18,21:10:18,480
20N-GLOBAUX-10-F4_2_1,21:10:18,21:35:48,510
20N-GLOBAUX-10-F4_2_1,21:35:48,21:54:28,560
20N-GLOBAUX-10-F4_2_1,21:54:28,22:32:28,570
20N-GLOBAUX-10-F4_2_1,22:32:28,22:41:56,568
20N-GLOBAUX-10-F4_2_1,22:41:56,23:10:26,570
20N-GLOBAUX-10-F4_2_1,23:10:26,23:49:26,585
20N-GLOBAUX-10-F4_2_1,23:49:26,23:59:15,589
20N-GLOBAUX-10-F4_2_1,23:59:15,24:18:55,590
20N-GLOBAUX-10-F4_2_1,24:18:55,25:08:55,600
20N-GLOBAUX-10-F4_2_0,05:30:00,07:07:30,585
20N-GLOBAUX-10-F4_2_0,07:07:30,07:44:30,555
20N-GLOBAUX-10-F4_2_0,07:44:30,08:37:30,530
20N-GLOBAUX-10-F4_2_0,08:37:30,11:02:00,510
20N-GLOBAUX-10-F4_2_0,11:02:00,12:18:40,460
20N-GLOBAUX-10-F4_2_0,12:18:40,12:40:40,440
20N-GLOBAUX-10-F4_2_0,12:40:40,13:09:40,435
20N-GLOBAUX-10-F4_2_0,13:09:40,19:28:15,385
20N-GLOBAUX-10-F4_2_0,19:28:15,21:12:05,445
20N-GLOBAUX-10-F4_2_0,21:12:05,21:50:50,465
20N-GLOBAUX-10-F4_2_0,21:50:50,22:17:05,525
20N-GLOBAUX-10-F4_2_0,22:17:05,22:53:05,540
20N-GLOBAUX-10-F4_2_0,22:53:05,23:02:30,565
20N-GLOBAUX-10-F4_2_0,23:02:30,24:00:00,575
20N-GLOBAUX-10-F4_2_0,24:00:00,25:00:00,600
20N-GLOBAUX-10-F4_4_0,05:30:00,25:10:00,600
20N-GLOBAUX-10-F4_4_0,25:10:00,25:18:30,510
20N-GLOBAUX-10-F4_4_0,25:18:30,25:30:00,690
20N-GLOBAUX-10-F4_4_1,05:30:00,25:30:00,600
20N-GLOBAUX-10-F4_5_3,05:30:00,08:49:30,630
20N-GLOBAUX-10-F4_5_3,08:49:30,08:59:45,615
20N-GLOBAUX-10-F4_5_3,08:59:45,20:11:15,510
20N-GLOBAUX-10-F4_5_3,20:11:15,20:21:00,585
20N-GLOBAUX-10-F4_5_3,20:21:00,25:15:00,630
20N-GLOBAUX-10-F4_5_2,05:30:00,09:21:00,630
20N-GLOBAUX-10-F4_5_2,09:21:00,20:32:30,510
20N-GLOBAUX-10-F4_5_2,20:32:30,20:42:00,570
20N-GLOBAUX-10-F4_5_2,20:42:00,25:15:00,630
21J-GLOBAUX-04-S_1_3,05:30:00,05:38:00,480
21J-GLOBAUX-04-S_1_3,05:38:00,06:27:00,420
21J-GLOBAUX-04-S_1_3,06:27:00,06:33:25,385
21J-GLOBAUX-04-S_1_3,06:33:25,06:39:25,360
21J-GLOBAUX-04-S_1_3,06:39:25,06:49:25,300
21J-GLOBAUX-04-S_1_3,06:49:25,07:08:10,225
21J-GLOBAUX-04-S_1_3,07:08:10,07:15:10,210
21J-GLOBAUX-04-S_1_3,07:15:10,07:22:00,205
21J-GLOBAUX-04-S_1_3,07:22:00,07:37:00,180
21J-GLOBAUX-04-S_1_3,07:37:00,07:45:45,175
21J-GLOBAUX-04-S_1_3,07:45:45,07:51:25,170
21J-GLOBAUX-04-S_1_3,07:51:25,08:02:05,160
21J-GLOBAUX-04-S_1_3,08:02:05,08:04:40,155
21J-GLOBAUX-04-S_1_3,08:04:40,08:17:10,150
21J-GLOBAUX-04-S_1_3,08:17:10,08:27:30,155
21J-GLOBAUX-04-S_1_3,08:27:30,08:39:10,175
21J-GLOBAUX-04-S_1_3,08:39:10,08:42:10,180
21J-GLOBAUX-04-S_1_3,08:42:10,08:48:30,190
21J-GLOBAUX-04-S_1_3,08:48:30,08:58:15,195
21J-GLOBAUX-04-S_1_3,08:58:15,09:08:15,200
21J-GLOBAUX-04-S_1_3,09:08:15,09:37:35,220
21J-GLOBAUX-04-S_1_3,09:37:35,09:41:55,260
21J-GLOBAUX-04-S_1_3,09:41:55,09:52:35,320
21J-GLOBAUX-04-S_1_3,09:52:35,15:10:35,360
21J-GLOBAUX-04-S_1_3,15:10:35,15:16:30,355
21J-GLOBAUX-04-S_1_3,15:16:30,15:20:30,240
21J-GLOBAUX-04-S_1_3,15:20:30,16:24:15,225
21J-GLOBAUX-04-S_1_3,16:24:15,16:43:45,195
21J-GLOBAUX-04-S_1_3,16:43:45,17:17:40,185
21J-GLOBAUX-04-S_1_3,17:17:40,17:20:55,195
21J-GLOBAUX-04-S_1_3,17:20:55,17:47:35,200
21J-GLOBAUX-04-S_1_3,17:47:35,17:58:05,210
21J-GLOBAUX-04-S_1_3,17:58:05,18:12:45,220
21J-GLOBAUX-04-S_1_3,18:12:45,18:28:25,235
21J-GLOBAUX-04-S_1_3,18:28:25,18:45:05,250
21J-GLOBAUX-04-S_1_3,18:45:05,18:49:40,275
21J-GLOBAUX-04-S_1_3,18:49:40,19:14:40,300
21J-GLOBAUX-04-S_1_3,19:14:40,19:20:05,325
21J-GLOBAUX-04-S_1_3,19:20:05,19:25:35,330
21J-GLOBAUX-04-S_1_3,19:25:35,19:31:15,340
21J-GLOBAUX-04-S_1_3,19:31:15,19:48:30,345
21J-GLOBAUX-04-S_1_3,19:48:30,20:48:30,360
21J-GLOBAUX-04-S_1_3,20:48:30,22:25:50,365
21J-GLOBAUX-04-S_1_3,22:25:50,22:32:00,370
21J-GLOBAUX-04-S_1_3,22:32:00,22:39:20,440
21J-GLOBAUX-04-S_1_3,22:39:20,22:54:20,450
21J-GLOBAUX-04-S_1_3,22:54:20,23:02:10,470
21J-GLOBAUX-04-S_1_3,23:02:10,23:18:00,475
21J-GLOBAUX-04-S_1_3,23:18:00,24:38:00,480
21J-GLOBAUX-04-S_1_2,05:30:00,06:24:00,405
21J-GLOBAUX-04-S_1_2,06:24:00,06:29:00,300
21J-GLOBAUX-04-S_1_2,06:29:00,06:37:00,240
21J-GLOBAUX-04-S_1_2,06:37:00,06:44:30,225
21J-GLOBAUX-04-S_1_2,06:44:30,06:51:10,200
21J-GLOBAUX-04-S_1_2,06:51:10,07:33:25,195
21J-GLOBAUX-04-S_1_2,07:33:25,07:42:55,190
21J-GLOBAUX-04-S_1_2,07:42:55,08:33:55,180
21J-GLOBAUX-04-S_1_2,08:33:55,08:47:15,200
21J-GLOBAUX-04-S_1_2,08:47:15,08:54:45,225
21J-GLOBAUX-04-S_1_2,08:54:45,09:02:25,230
21J-GLOBAUX-04-S_1_2,09:02:25,09:10:15,235
21J-GLOBAUX-04-S_1_2,09:10:15,09:23:45,270
21J-GLOBAUX-04-S_1_2,09:23:45,09:29:20,335
21J-GLOBAUX-04-S_1_2,09:29:20,09:46:35,345
21J-GLOBAUX-04-S_1_2,09:46:35,09:52:30,355
21J-GLOBAUX-04-S_1_2,09:52:30,14:52:30,360
21J-GLOBAUX-04-S_1_2,14:52:30,14:57:30,300
21J-GLOBAUX-04-S_1_2,14:57:30,15:02:00,270
21J-GLOBAUX-04-S_1_2,15:02:00,15:06:25,265
21J-GLOBAUX-04-S_1_2,15:06:25,15:38:25,240
21J-GLOBAUX-04-S_1_2,15:38:25,15:41:55,210
21J-GLOBAUX-04-S_1_2,15:41:55,16:01:25,195
21J-GLOBAUX-04-S_1_2,16:01:25,16:19:25,180
21J-GLOBAUX-04-S_1_2,16:19:25,17:03:25,165
21J-GLOBAUX-04-S_1_2,17:03:25,17:12:10,175
21J-GLOBAUX-04-S_1_2,17:12:10,17:18:30,190
21J-GLOBAUX-04-S_1_2,17:18:30,17:21:45,195
21J-GLOBAUX-04-S_1_2,17:21:45,17:32:00,205
21J-GLOBAUX-04-S_1_2,17:32:00,17:53:30,215
21J-GLOBAUX-04-S_1_2,17:53:30,18:33:30,240
21J-GLOBAUX-04-S_1_2,18:33:30,18:38:45,315
21J-GLOBAUX-04-S_1_2,18:38:45,18:44:25,340
21J-GLOBAUX-04-S_1_2,18:44:25,19:30:25,345
21J-GLOBAUX-04-S_1_2,19:30:25,19:48:10,355
21J-GLOBAUX-04-S_1_2,19:48:10,22:18:10,360
21J-GLOBAUX-04-S_1_2,22:18:10,22:30:20,365
21J-GLOBAUX-04-S_1_2,22:30:20,22:37:30,430
21J-GLOBAUX-04-S_1_2,22:37:30,22:44:50,440
21J-GLOBAUX-04-S_1_2,22:44:50,22:52:15,445
21J-GLOBAUX-04-S_1_2,22:52:15,22:59:45,450
21J-GLOBAUX-04-S_1_2,22:59:45,23:07:20,455
21J-GLOBAUX-04-S_1_2,23:07:20,23:23:00,470
21J-GLOBAUX-04-S_1_2,23:23:00,24:35:00,480
21J-GLOBAUX-04-S_2_1,05:29:57,05:59:58,360
21J-GLOBAUX-04-S_2_1,05:59:58,06:06:02,364
21J-GLOBAUX-04-S_2_1,06:06:02,06:18:02,360
21J-GLOBAUX-04-S_2_1,06:18:02,06:23:45,343
21J-GLOBAUX-04-S_2_1,06:23:45,06:29:25,340
21J-GLOBAUX-04-S_2_1,06:29:25,06:39:25,300
21J-GLOBAUX-04-S_2_1,06:39:25,06:43:15,230
21J-GLOBAUX-04-S_2_1,06:43:15,06:50:45,225
21J-GLOBAUX-04-S_2_1,06:50:45,06:54:27,222
21J-GLOBAUX-04-S_2_1,06:54:27,07:01:37,215
21J-GLOBAUX-04-S_2_1,07:01:37,07:05:02,205
21J-GLOBAUX-04-S_2_1,07:05:02,07:08:29,207
21J-GLOBAUX-04-S_2_1,07:08:29,07:18:44,205
21J-GLOBAUX-04-S_2_1,07:18:44,07:22:14,210
21J-GLOBAUX-04-S_2_1,07:22:14,07:25:24,190
21J-GLOBAUX-04-S_2_1,07:25:24,07:34:09,175
21J-GLOBAUX-04-S_2_1,07:34:09,07:37:07,178
21J-GLOBAUX-04-S_2_1,07:37:07,08:03:21,175
21J-GLOBAUX-04-S_2_1,08:03:21,08:06:13,172
21J-GLOBAUX-04-S_2_1,08:06:13,08:35:21,175
21J-GLOBAUX-04-S_2_1,08:35:21,08:38:12,171
21J-GLOBAUX-04-S_2_1,08:38:12,08:49:52,175
21J-GLOBAUX-04-S_2_1,08:49:52,08:55:52,180
21J-GLOBAUX-04-S_2_1,08:55:52,08:59:02,190
21J-GLOBAUX-04-S_2_1,08:59:02,09:05:52,205
21J-GLOBAUX-04-S_2_1,09:05:52,09:09:19,207
21J-GLOBAUX-04-S_2_1,09:09:19,09:12:49,210
21J-GLOBAUX-04-S_2_1,09:12:49,09:20:19,225
21J-GLOBAUX-04-S_2_1,09:20:19,09:24:03,224
21J-GLOBAUX-04-S_2_1,09:24:03,09:27:48,225
21J-GLOBAUX-04-S_2_1,09:27:48,09:31:38,230
21J-GLOBAUX-04-S_2_1,09:31:38,09:35:33,235
21J-GLOBAUX-04-S_2_1,09:35:33,09:40:08,275
21J-GLOBAUX-04-S_2_1,09:40:08,09:44:58,290
21J-GLOBAUX-04-S_2_1,09:44:58,09:50:33,335
21J-GLOBAUX-04-S_2_1,09:50:33,09:56:32,359
21J-GLOBAUX-04-S_2_1,09:56:32,14:20:32,360
21J-GLOBAUX-04-S_2_1,14:20:32,14:25:32,300
21J-GLOBAUX-04-S_2_1,14:25:32,14:30:22,290
21J-GLOBAUX-04-S_2_1,14:30:22,14:44:22,280
21J-GLOBAUX-04-S_2_1,14:44:22,15:16:22,240
21J-GLOBAUX-04-S_2_1,15:16:22,15:20:17,235
21J-GLOBAUX-04-S_2_1,15:20:17,15:23:57,220
21J-GLOBAUX-04-S_2_1,15:23:57,15:30:57,210
21J-GLOBAUX-04-S_2_1,15:30:57,15:34:17,200
21J-GLOBAUX-04-S_2_1,15:34:17,15:40:17,180
21J-GLOBAUX-04-S_2_1,15:40:17,16:15:21,175
21J-GLOBAUX-04-S_2_1,16:15:21,16:42:01,200
21J-GLOBAUX-04-S_2_1,16:42:01,16:52:46,215
21J-GLOBAUX-04-S_2_1,16:52:46,16:56:36,230
21J-GLOBAUX-04-S_2_1,16:56:36,17:00:31,235
21J-GLOBAUX-04-S_2_1,17:00:31,17:04:31,240
21J-GLOBAUX-04-S_2_1,17:04:31,17:46:10,250
21J-GLOBAUX-04-S_2_1,17:46:10,17:59:40,270
21J-GLOBAUX-04-S_2_1,17:59:40,18:04:15,275
21J-GLOBAUX-04-S_2_1,18:04:15,18:09:15,300
21J-GLOBAUX-04-S_2_1,18:09:15,18:14:35,320
21J-GLOBAUX-04-S_2_1,18:14:35,22:44:25,360
21J-GLOBAUX-04-S_2_1,22:44:25,22:50:45,380
21J-GLOBAUX-04-S_2_1,22:50:45,23:11:45,420
21J-GLOBAUX-04-S_2_1,23:11:45,24:24:11,435
21J-GLOBAUX-04-S_2_1,24:24:11,24:38:51,440
21J-GLOBAUX-04-S_2_0,05:30:00,05:36:50,410
21J-GLOBAUX-04-S_2_0,05:36:50,06:15:50,390
21J-GLOBAUX-04-S_2_0,06:15:50,06:21:50,360
21J-GLOBAUX-04-S_2_0,06:21:50,06:27:20,330
21J-GLOBAUX-04-S_2_0,06:27:20,06:32:30,310
21J-GLOBAUX-04-S_2_0,06:32:30,06:57:30,300
21J-GLOBAUX-04-S_2_0,06:57:30,07:12:15,295
21J-GLOBAUX-04-S_2_0,07:12:15,07:17:05,290
21J-GLOBAUX-04-S_2_0,07:17:05,07:30:20,265
21J-GLOBAUX-04-S_2_0,07:30:20,07:34:15,235
21J-GLOBAUX-04-S_2_0,07:34:15,07:45:30,225
21J-GLOBAUX-04-S_2_0,07:45:30,07:59:50,215
21J-GLOBAUX-04-S_2_0,07:59:50,08:06:50,210
21J-GLOBAUX-04-S_2_0,08:06:50,08:13:20,195
21J-GLOBAUX-04-S_2_0,08:13:20,08:16:25,185
21J-GLOBAUX-04-S_2_0,08:16:25,08:19:25,180
21J-GLOBAUX-04-S_2_0,08:19:25,09:06:05,175
21J-GLOBAUX-04-S_2_0,09:06:05,09:21:05,180
21J-GLOBAUX-04-S_2_0,09:21:05,09:31:35,210
21J-GLOBAUX-04-S_2_0,09:31:35,09:42:50,225
21J-GLOBAUX-04-S_2_0,09:42:50,09:46:55,245
21J-GLOBAUX-04-S_2_0,09:46:55,10:06:35,295
21J-GLOBAUX-04-S_2_0,10:06:35,10:21:35,300
21J-GLOBAUX-04-S_2_0,10:21:35,10:26:40,305
21J-GLOBAUX-04-S_2_0,10:26:40,14:56:40,360
21J-GLOBAUX-04-S_2_0,14:56:40,15:01:40,300
21J-GLOBAUX-04-S_2_0,15:01:40,15:06:25,285
21J-GLOBAUX-04-S_2_0,15:06:25,15:11:05,280
21J-GLOBAUX-04-S_2_0,15:11:05,15:35:05,240
21J-GLOBAUX-04-S_2_0,15:35:05,15:38:40,215
21J-GLOBAUX-04-S_2_0,15:38:40,15:45:10,195
21J-GLOBAUX-04-S_2_0,15:45:10,16:06:10,180
21J-GLOBAUX-04-S_2_0,16:06:10,17:13:15,175
21J-GLOBAUX-04-S_2_0,17:13:15,17:19:15,180
21J-GLOBAUX-04-S_2_0,17:19:15,17:26:15,210
21J-GLOBAUX-04-S_2_0,17:26:15,17:44:35,220
21J-GLOBAUX-04-S_2_0,17:44:35,17:48:20,225
21J-GLOBAUX-04-S_2_0,17:48:20,17:59:50,230
21J-GLOBAUX-04-S_2_0,17:59:50,18:03:50,240
21J-GLOBAUX-04-S_2_0,18:03:50,18:08:15,265
21J-GLOBAUX-04-S_2_0,18:08:15,18:21:45,270
21J-GLOBAUX-04-S_2_0,18:21:45,18:26:25,280
21J-GLOBAUX-04-S_2_0,18:26:25,18:40:40,285
21J-GLOBAUX-04-S_2_0,18:40:40,18:45:30,290
21J-GLOBAUX-04-S_2_0,18:45:30,18:50:30,300
21J-GLOBAUX-04-S_2_0,18:50:30,23:32:30,360
21J-GLOBAUX-04-S_2_0,23:32:30,23:39:00,390
21J-GLOBAUX-04-S_2_0,23:39:00,23:46:00,420
21J-GLOBAUX-04-S_2_0,23:46:00,24:30:00,440
21J-GLOBAUX-04-S_4_0,15:10:00,15:16:00,360
21J-GLOBAUX-04-S_4_0,15:16:00,18:21:15,285
21J-GLOBAUX-04-S_4_0,18:21:15,19:00:15,390
21J-GLOBAUX-04-S_4_0,19:00:15,19:10:00,585
21J-GLOBAUX-04-S_4_0,19:10:00,24:40:00,600
21J-GLOBAUX-04-S_4_0,24:40:00,24:48:30,510
21J-GLOBAUX-04-S_4_0,24:48:30,25:00:00,690
21J-GLOBAUX-04-S_4_0,05:30:00,06:50:00,600
21J-GLOBAUX-04-S_4_0,06:50:00,07:00:00,300
21J-GLOBAUX-04-S_4_0,07:00:00,08:54:00,285
21J-GLOBAUX-04-S_4_0,08:54:00,09:00:00,360
21J-GLOBAUX-04-S_4_0,09:00:00,15:10:00,600
21J-GLOBAUX-04-S_4_1,05:30:00,06:50:00,600
21J-GLOBAUX-04-S_4_1,06:50:00,07:00:00,300
21J-GLOBAUX-04-S_4_1,07:00:00,08:49:15,285
21J-GLOBAUX-04-S_4_1,08:49:15,08:54:45,330
21J-GLOBAUX-04-S_4_1,08:54:45,09:02:25,460
21J-GLOBAUX-04-S_4_1,09:02:25,09:10:10,465
21J-GLOBAUX-04-S_4_1,09:10:10,09:20:00,590
21J-GLOBAUX-04-S_4_1,09:20:00,15:10:00,600
21J-GLOBAUX-04-S_4_1,15:10:00,15:16:00,360
21J-GLOBAUX-04-S_4_1,15:16:00,18:11:45,285
21J-GLOBAUX-04-S_4_1,18:11:45,19:10:15,390
21J-GLOBAUX-04-S_4_1,19:10:15,19:20:00,585
21J-GLOBAUX-04-S_4_1,19:20:00,25:00:00,600
21J-GLOBAUX-04-S_5_3,05:30:00,05:54:00,480
21J-GLOBAUX-04-S_5_3,05:54:00,06:01:30,450
21J-GLOBAUX-04-S_5_3,06:01:30,06:08:05,395
21J-GLOBAUX-04-S_5_3,06:08:05,06:14:35,390
21J-GLOBAUX-04-S_5_3,06:14:35,06:20:30,355
21J-GLOBAUX-04-S_5_3,06:20:30,06:26:10,340
21J-GLOBAUX-04-S_5_3,06:26:10,07:33:40,270
21J-GLOBAUX-04-S_5_3,07:33:40,08:09:40,240
21J-GLOBAUX-04-S_5_3,08:09:40,08:40:35,265
21J-GLOBAUX-04-S_5_3,08:40:35,09:34:35,270
21J-GLOBAUX-04-S_5_3,09:34:35,09:40:50,375
21J-GLOBAUX-04-S_5_3,09:40:50,14:59:50,435
21J-GLOBAUX-04-S_5_3,14:59:50,15:05:40,350
21J-GLOBAUX-04-S_5_3,15:05:40,15:21:40,320
21J-GLOBAUX-04-S_5_3,15:21:40,17:22:30,290
21J-GLOBAUX-04-S_5_3,17:22:30,17:27:30,300
21J-GLOBAUX-04-S_5_3,17:27:30,18:26:10,320
21J-GLOBAUX-04-S_5_3,18:26:10,22:00:40,390
21J-GLOBAUX-04-S_5_3,22:00:40,22:08:20,460
21J-GLOBAUX-04-S_5_3,22:08:20,24:45:00,470
21J-GLOBAUX-04-S_5_2,05:30:00,06:02:00,480
21J-GLOBAUX-04-S_5_2,06:02:00,06:08:10,370
21J-GLOBAUX-04-S_5_2,06:08:10,06:13:50,340
21J-GLOBAUX-04-S_5_2,06:13:50,06:19:10,320
21J-GLOBAUX-04-S_5_2,06:19:10,06:24:10,300
21J-GLOBAUX-04-S_5_2,06:24:10,07:54:10,270
21J-GLOBAUX-04-S_5_2,07:54:10,07:58:35,265
21J-GLOBAUX-04-S_5_2,07:58:35,08:30:35,240
21J-GLOBAUX-04-S_5_2,08:30:35,08:43:50,265
21J-GLOBAUX-04-S_5_2,08:43:50,09:28:50,270
21J-GLOBAUX-04-S_5_2,09:28:50,09:35:20,390
21J-GLOBAUX-04-S_5_2,09:35:20,14:54:20,435
21J-GLOBAUX-04-S_5_2,14:54:20,15:00:10,350
21J-GLOBAUX-04-S_5_2,15:00:10,15:42:50,320
21J-GLOBAUX-04-S_5_2,15:42:50,17:48:30,290
21J-GLOBAUX-04-S_5_2,17:48:30,18:20:30,320
21J-GLOBAUX-04-S_5_2,18:20:30,18:26:30,360
21J-GLOBAUX-04-S_5_2,18:26:30,22:20:30,390
21J-GLOBAUX-04-S_5_2,22:20:30,22:28:10,460
21J-GLOBAUX-04-S_5_2,22:28:10,23:46:30,470
21J-GLOBAUX-04-S_5_2,23:46:30,24:26:30,480
21J-GLOBAUX-04-S_5_2,24:26:30,24:35:15,525
21J-GLOBAUX-04-S_5_2,24:35:15,24:45:00,585
21J-GLOBAUX-03-A_1_3,05:30:00,07:25:30,630
21J-GLOBAUX-03-A_1_3,07:25:30,08:12:10,560
21J-GLOBAUX-03-A_1_3,08:12:10,10:43:40,505
21J-GLOBAUX-03-A_1_3,10:43:40,12:00:20,460
21J-GLOBAUX-03-A_1_3,12:00:20,12:07:20,420
21J-GLOBAUX-03-A_1_3,12:07:20,18:24:20,390
21J-GLOBAUX-03-A_1_3,18:24:20,18:31:20,420
21J-GLOBAUX-03-A_1_3,18:31:20,19:25:00,460
21J-GLOBAUX-03-A_1_3,19:25:00,21:22:50,505
21J-GLOBAUX-03-A_1_3,21:22:50,24:01:30,560
21J-GLOBAUX-03-A_1_3,24:01:30,24:12:00,630
21J-GLOBAUX-03-A_1_3,24:12:00,24:23:00,660
21J-GLOBAUX-03-A_1_3,24:23:00,25:08:00,675
21J-GLOBAUX-03-A_1_2,05:30:00,08:07:30,630
21J-GLOBAUX-03-A_1_2,08:07:30,08:54:10,560
21J-GLOBAUX-03-A_1_2,08:54:10,09:02:45,515
21J-GLOBAUX-03-A_1_2,09:02:45,10:01:40,505
21J-GLOBAUX-03-A_1_2,10:01:40,12:04:20,460
21J-GLOBAUX-03-A_1_2,12:04:20,18:27:50,390
21J-GLOBAUX-03-A_1_2,18:27:50,18:35:20,450
21J-GLOBAUX-03-A_1_2,18:35:20,20:07:20,460
21J-GLOBAUX-03-A_1_2,20:07:20,20:15:35,495
21J-GLOBAUX-03-A_1_2,20:15:35,22:05:00,505
21J-GLOBAUX-03-A_1_2,22:05:00,22:14:10,550
21J-GLOBAUX-03-A_1_2,22:14:10,23:19:30,560
21J-GLOBAUX-03-A_1_2,23:19:30,24:54:00,630
21J-GLOBAUX-03-A_1_2,24:54:00,25:05:00,660
21J-GLOBAUX-03-A_2_1,05:29:59,06:17:54,575
21J-GLOBAUX-03-A_2_1,06:17:54,06:27:31,577
21J-GLOBAUX-03-A_2_1,06:27:31,06:46:41,575
21J-GLOBAUX-03-A_2_1,06:46:41,06:56:20,579
21J-GLOBAUX-03-A_2_1,06:56:20,07:15:30,575
21J-GLOBAUX-03-A_2_1,07:15:30,07:52:50,560
21J-GLOBAUX-03-A_2_1,07:52:50,08:01:35,525
21J-GLOBAUX-03-A_2_1,08:01:35,08:10:22,527
21J-GLOBAUX-03-A_2_1,08:10:22,08:45:22,525
21J-GLOBAUX-03-A_2_1,08:45:22,08:54:06,524
21J-GLOBAUX-03-A_2_1,08:54:06,09:02:51,525
21J-GLOBAUX-03-A_2_1,09:02:51,09:11:34,523
21J-GLOBAUX-03-A_2_1,09:11:34,10:30:19,525
21J-GLOBAUX-03-A_2_1,10:30:19,11:08:39,460
21J-GLOBAUX-03-A_2_1,11:08:39,11:15:59,440
21J-GLOBAUX-03-A_2_1,11:15:59,11:23:25,446
21J-GLOBAUX-03-A_2_1,11:23:25,12:05:25,420
21J-GLOBAUX-03-A_2_1,12:05:25,12:12:28,423
21J-GLOBAUX-03-A_2_1,12:12:28,12:19:28,420
21J-GLOBAUX-03-A_2_1,12:19:28,12:32:48,400
21J-GLOBAUX-03-A_2_1,12:32:48,12:39:23,395
21J-GLOBAUX-03-A_2_1,12:39:23,14:34:53,385
21J-GLOBAUX-03-A_2_1,14:34:53,14:41:15,382
21J-GLOBAUX-03-A_2_1,14:41:15,14:47:40,385
21J-GLOBAUX-03-A_2_1,14:47:40,14:54:00,380
21J-GLOBAUX-03-A_2_1,14:54:00,18:19:20,385
21J-GLOBAUX-03-A_2_1,18:19:20,18:25:44,384
21J-GLOBAUX-03-A_2_1,18:25:44,18:38:54,395
21J-GLOBAUX-03-A_2_1,18:38:54,19:00:39,435
21J-GLOBAUX-03-A_2_1,19:00:39,19:07:53,434
21J-GLOBAUX-03-A_2_1,19:07:53,19:29:38,435
21J-GLOBAUX-03-A_2_1,19:29:38,19:52:08,450
21J-GLOBAUX-03-A_2_1,19:52:08,19:59:53,465
21J-GLOBAUX-03-A_2_1,19:59:53,20:07:33,460
21J-GLOBAUX-03-A_2_1,20:07:33,20:46:18,465
21J-GLOBAUX-03-A_2_1,20:46:18,21:10:18,480
21J-GLOBAUX-03-A_2_1,21:10:18,21:35:48,510
21J-GLOBAUX-03-A_2_1,21:35:48,21:54:28,560
21J-GLOBAUX-03-A_2_1,21:54:28,22:32:28,570
21J-GLOBAUX-03-A_2_1,22:32:28,22:41:56,568
21J-GLOBAUX-03-A_2_1,22:41:56,23:10:26,570
21J-GLOBAUX-03-A_2_1,23:10:26,23:49:26,585
21J-GLOBAUX-03-A_2_1,23:49:26,23:59:15,589
21J-GLOBAUX-03-A_2_1,23:59:15,24:18:55,590
21J-GLOBAUX-03-A_2_1,24:18:55,25:08:55,600
21J-GLOBAUX-03-A_2_0,05:30:00,07:07:30,585
21J-GLOBAUX-03-A_2_0,07:07:30,07:44:30,555
21J-GLOBAUX-03-A_2_0,07:44:30,08:37:30,530
21J-GLOBAUX-03-A_2_0,08:37:30,11:02:00,510
21J-GLOBAUX-03-A_2_0,11:02:00,12:18:40,460
21J-GLOBAUX-03-A_2_0,12:18:40,12:40:40,440
21J-GLOBAUX-03-A_2_0,12:40:40,13:09:40,435
21J-GLOBAUX-03-A_2_0,13:09:40,19:28:15,385
21J-GLOBAUX-03-A_2_0,19:28:15,21:12:05,445
21J-GLOBAUX-03-A_2_0,21:12:05,21:50:50,465
21J-GLOBAUX-03-A_2_0,21:50:50,22:17:05,525
21J-GLOBAUX-03-A_2_0,22:17:05,22:53:05,540
21J-GLOBAUX-03-A_2_0,22:53:05,23:02:30,565
21J-GLOBAUX-03-A_2_0,23:02:30,24:00:00,575
21J-GLOBAUX-03-A_2_0,24:00:00,25:00:00,600
21J-GLOBAUX-03-A_4_0,05:30:00,25:10:00,600
21J-GLOBAUX-03-A_4_0,25:10:00,25:18:30,510
21J-GLOBAUX-03-A_4_0,25:18:30,25:30:00,690
21J-GLOBAUX-03-A_4_1,05:30:00,25:30:00,600
21J-GLOBAUX-03-A_5_3,05:30:00,08:49:30,630
21J-GLOBAUX-03-A_5_3,08:49:30,08:59:45,615
21J-GLOBAUX-03-A_5_3,08:59:45,20:11:15,510
21J-GLOBAUX-03-A_5_3,20:11:15,20:21:00,585
21J-GLOBAUX-03-A_5_3,20:21:00,25:15:00,630
21J-GLOBAUX-03-A_5_2,05:30:00,09:21:00,630
21J-GLOBAUX-03-A_5_2,09:21:00,20:32:30,510
21J-GLOBAUX-03-A_5_2,20:32:30,20:42:00,570
21J-GLOBAUX-03-A_5_2,20:42:00,25:15:00,630
21J-GLOBAUX-03-I_1_3,05:30:00,07:25:30,630
21J-GLOBAUX-03-I_1_3,07:25:30,08:40:10,560
21J-GLOBAUX-03-I_1_3,08:40:10,12:19:00,505
21J-GLOBAUX-03-I_1_3,12:19:00,15:00:00,460
21J-GLOBAUX-03-I_1_3,15:00:00,18:23:00,420
21J-GLOBAUX-03-I_1_3,18:23:00,18:31:20,500
21J-GLOBAUX-03-I_1_3,18:31:20,22:18:35,505
21J-GLOBAUX-03-I_1_3,22:18:35,22:29:00,625
21J-GLOBAUX-03-I_1_3,22:29:00,24:03:30,630
21J-GLOBAUX-03-I_1_3,24:03:30,24:38:00,690
21J-GLOBAUX-03-I_1_2,05:30:00,08:07:30,630
21J-GLOBAUX-03-I_1_2,08:07:30,09:22:10,560
21J-GLOBAUX-03-I_1_2,09:22:10,09:30:45,515
21J-GLOBAUX-03-I_1_2,09:30:45,11:37:00,505
21J-GLOBAUX-03-I_1_2,11:37:00,14:18:00,460
21J-GLOBAUX-03-I_1_2,14:18:00,18:23:00,420
21J-GLOBAUX-03-I_1_2,18:23:00,21:36:35,505
21J-GLOBAUX-03-I_1_2,21:36:35,21:45:50,555
21J-GLOBAUX-03-I_1_2,21:45:50,23:00:30,560
21J-GLOBAUX-03-I_1_2,23:00:30,24:35:00,630
21J-GLOBAUX-03-I_2_1,05:29:57,05:48:47,565
21J-GLOBAUX-03-I_2_1,05:48:47,07:50:07,560
21J-GLOBAUX-03-I_2_1,07:50:07,08:27:07,555
21J-GLOBAUX-03-I_2_1,08:27:07,08:45:17,545
21J-GLOBAUX-03-I_2_1,08:45:17,08:54:07,530
21J-GLOBAUX-03-I_2_1,08:54:07,09:29:07,525
21J-GLOBAUX-03-I_2_1,09:29:07,09:37:45,518
21J-GLOBAUX-03-I_2_1,09:37:45,09:46:20,515
21J-GLOBAUX-03-I_2_1,09:46:20,09:54:58,518
21J-GLOBAUX-03-I_2_1,09:54:58,11:20:48,515
21J-GLOBAUX-03-I_2_1,11:20:48,11:29:26,518
21J-GLOBAUX-03-I_2_1,11:29:26,11:55:11,515
21J-GLOBAUX-03-I_2_1,11:55:11,12:03:11,480
21J-GLOBAUX-03-I_2_1,12:03:11,12:19:01,475
21J-GLOBAUX-03-I_2_1,12:19:01,12:26:57,476
21J-GLOBAUX-03-I_2_1,12:26:57,12:42:47,475
21J-GLOBAUX-03-I_2_1,12:42:47,14:04:47,410
21J-GLOBAUX-03-I_2_1,14:04:47,14:11:38,411
21J-GLOBAUX-03-I_2_1,14:11:38,15:33:38,410
21J-GLOBAUX-03-I_2_1,15:33:38,15:40:25,407
21J-GLOBAUX-03-I_2_1,15:40:25,16:00:55,410
21J-GLOBAUX-03-I_2_1,16:00:55,16:08:10,435
21J-GLOBAUX-03-I_2_1,16:08:10,17:36:10,440
21J-GLOBAUX-03-I_2_1,17:36:10,17:51:10,450
21J-GLOBAUX-03-I_2_1,17:51:10,18:46:00,470
21J-GLOBAUX-03-I_2_1,18:46:00,18:53:49,469
21J-GLOBAUX-03-I_2_1,18:53:49,19:01:39,470
21J-GLOBAUX-03-I_2_1,19:01:39,19:09:28,469
21J-GLOBAUX-03-I_2_1,19:09:28,19:32:58,470
21J-GLOBAUX-03-I_2_1,19:32:58,19:40:46,468
21J-GLOBAUX-03-I_2_1,19:40:46,19:48:36,470
21J-GLOBAUX-03-I_2_1,19:48:36,19:56:48,492
21J-GLOBAUX-03-I_2_1,19:56:48,20:05:18,510
21J-GLOBAUX-03-I_2_1,20:05:18,20:13:47,509
21J-GLOBAUX-03-I_2_1,20:13:47,20:56:17,510
21J-GLOBAUX-03-I_2_1,20:56:17,21:04:57,520
21J-GLOBAUX-03-I_2_1,21:04:57,21:13:42,525
21J-GLOBAUX-03-I_2_1,21:13:42,21:31:22,530
21J-GLOBAUX-03-I_2_1,21:31:22,21:40:11,529
21J-GLOBAUX-03-I_2_1,21:40:11,21:49:01,530
21J-GLOBAUX-03-I_2_1,21:49:01,21:58:56,595
21J-GLOBAUX-03-I_2_1,21:58:56,22:28:56,600
21J-GLOBAUX-03-I_2_1,22:28:56,22:38:55,599
21J-GLOBAUX-03-I_2_1,22:38:55,22:58:55,600
21J-GLOBAUX-03-I_2_1,22:58:55,23:08:52,597
21J-GLOBAUX-03-I_2_1,23:08:52,23:18:52,600
21J-GLOBAUX-03-I_2_1,23:18:52,23:28:51,599
21J-GLOBAUX-03-I_2_1,23:28:51,23:48:51,600
21J-GLOBAUX-03-I_2_1,23:48:51,23:58:50,599
21J-GLOBAUX-03-I_2_1,23:58:50,24:38:50,600
21J-GLOBAUX-03-I_2_0,05:30:00,08:35:00,555
21J-GLOBAUX-03-I_2_0,08:35:00,08:44:00,540
21J-GLOBAUX-03-I_2_0,08:44:00,12:10:00,515
21J-GLOBAUX-03-I_2_0,12:10:00,12:18:15,495
21J-GLOBAUX-03-I_2_0,12:18:15,13:53:15,475
21J-GLOBAUX-03-I_2_0,13:53:15,14:07:15,420
21J-GLOBAUX-03-I_2_0,14:07:15,17:18:35,410
21J-GLOBAUX-03-I_2_0,17:18:35,18:39:15,440
21J-GLOBAUX-03-I_2_0,18:39:15,20:13:15,470
21J-GLOBAUX-03-I_2_0,20:13:15,21:01:15,480
21J-GLOBAUX-03-I_2_0,21:01:15,21:18:15,510
21J-GLOBAUX-03-I_2_0,21:18:15,22:01:10,515
21J-GLOBAUX-03-I_2_0,22:01:10,22:10:10,540
21J-GLOBAUX-03-I_2_0,22:10:10,22:20:00,590
21J-GLOBAUX-03-I_2_0,22:20:00,24:30:00,600
21J-GLOBAUX-03-I_4_0,05:30:00,24:40:00,600
21J-GLOBAUX-03-I_4_0,24:40:00,24:48:30,510
21J-GLOBAUX-03-I_4_0,24:48:30,25:00:00,690
21J-GLOBAUX-03-I_4_1,05:30:00,25:00:00,600
21J-GLOBAUX-03-I_5_3,05:30:00,08:49:30,630
21J-GLOBAUX-03-I_5_3,08:49:30,08:59:45,615
21J-GLOBAUX-03-I_5_3,08:59:45,19:20:15,510
21J-GLOBAUX-03-I_5_3,19:20:15,19:30:00,585
21J-GLOBAUX-03-I_5_3,19:30:00,24:45:00,630
21J-GLOBAUX-03-I_5_2,05:30:00,09:21:00,630
21J-GLOBAUX-03-I_5_2,09:21:00,19:41:30,510
21J-GLOBAUX-03-I_5_2,19:41:30,19:51:00,570
21J-GLOBAUX-03-I_5_2,19:51:00,24:45:00,630
